id,code,name,remarks,active,forsysobjid,uservisible,clientvisible,css_style,created_at,created_by,updated_at,updated_by
1,NULL,"заказ размещен клиентом",NULL,1,NULL,1,1,NULL,"2021-10-23 01:13:28",0,"2021-10-23 01:13:28",0
2,NULL,"заказ отозван клиентом",NULL,1,NULL,1,1,NULL,"2021-10-23 01:13:28",0,"2021-10-23 01:13:28",0
3,NULL,"заказ обрабатывается менеджером",NULL,1,NULL,1,1,"background-color: #dffba0","2021-10-23 01:13:28",0,"2021-10-23 01:13:28",0
4,NULL,"менеджер приостановил работу с заказом",NULL,1,NULL,1,1,NULL,"2021-10-23 01:13:28",0,"2021-10-23 01:13:28",0
5,NULL,"заказ сформирован",NULL,1,NULL,1,1,"background-color: #CCECF9","2021-10-23 01:13:28",0,"2021-10-23 01:13:28",0
6,NULL,"заказ отгружен со склада",NULL,1,NULL,1,1,NULL,"2021-10-23 01:13:28",0,"2021-10-23 01:13:28",0
7,NULL,"заказ доставлен клиенту",NULL,1,NULL,1,1,NULL,"2021-10-23 01:13:28",0,"2021-10-23 01:13:28",0
8,NULL,"заказ оплачен клиентом",NULL,1,NULL,1,1,NULL,"2021-10-23 01:13:28",0,"2021-10-23 01:13:28",0
9,NULL,"Постоянный клиент",NULL,0,111,1,0,NULL,"2021-10-23 01:13:28",0,"2021-10-23 01:13:28",0
11,NULL,"заказ возвращен в работу",NULL,1,NULL,1,1,NULL,"2021-10-23 01:13:28",1,"2021-10-23 01:13:28",1
12,owner,"Входит в ГК БАСКО",NULL,1,111,0,0,NULL,"2021-10-23 01:13:28",1,"2021-10-23 01:13:28",1
13,supplier,Поставщик,NULL,1,111,1,1,NULL,"2021-10-23 01:13:28",1,"2021-10-23 01:13:28",1
14,carrier,Перевозчик,NULL,1,111,1,0,NULL,"2021-10-23 01:13:28",1,"2021-10-23 01:13:28",1
15,driver_org,"Перевозка грузов автотранспортом",NULL,1,111,1,0,NULL,"2021-10-23 01:13:28",1,"2021-10-23 01:13:28",1
16,NULL,"клиент без предварительной оплаты (БПО)",NULL,0,111,1,0,NULL,"2021-10-23 01:13:28",1,"2021-10-23 01:13:28",1
17,NULL,Грузоотправитель,NULL,1,111,1,1,NULL,"2021-10-23 01:13:28",1,"2021-10-23 01:13:28",1
21,NULL,"изменены данные (характеристики) товаров",NULL,1,NULL,1,1,NULL,"2021-10-23 01:13:28",1,"2021-10-23 01:13:28",1
22,NULL,"изменены условия скидок для клиента",NULL,1,NULL,1,1,NULL,"2021-10-23 01:13:28",1,"2021-10-23 01:13:28",1
27,NULL,"рассчитаны скидки для клиента",NULL,1,NULL,1,1,NULL,"2021-10-23 01:13:28",1,"2021-10-23 01:13:28",1
37,NULL,"рассчитан факт выполнения плана продаж",NULL,1,NULL,1,1,NULL,"2021-10-23 01:13:28",1,"2021-10-23 01:13:28",1
51,neworders.exported,"Экспортированы новые заказы",NULL,1,NULL,1,1,NULL,"2021-10-23 01:13:28",1,"2021-10-23 01:13:28",1
101,NULL,Строительство,NULL,1,111,1,1,NULL,"2021-10-23 01:13:28",1,"2021-10-23 01:13:28",1
102,NULL,"Строительство: Ген. подряд",NULL,1,111,1,1,NULL,"2021-10-23 01:13:28",1,"2021-10-23 01:13:28",1
103,NULL,"Строительство: Монолитные работы",NULL,1,111,1,1,NULL,"2021-10-23 01:13:28",1,"2021-10-23 01:13:28",1
104,NULL,"Строительство: Светопрозрачные конструкции ",NULL,1,111,1,1,NULL,"2021-10-23 01:13:28",1,"2021-10-23 01:13:28",1
105,NULL,"Строительство: Светопрозрачные конструкции: окна",NULL,1,111,1,1,NULL,"2021-10-23 01:13:28",1,"2021-10-23 01:13:28",1
106,NULL,"Строительство: Светопрозрачные конструкции: витражи",NULL,1,111,1,1,NULL,"2021-10-23 01:13:28",1,"2021-10-23 01:13:28",1
107,NULL,"Строительство: Фасады",NULL,1,111,1,1,NULL,"2021-10-23 01:13:28",1,"2021-10-23 01:13:28",1
108,NULL,"Строительство: Инженерные системы",NULL,1,111,1,1,NULL,"2021-10-23 01:13:28",1,"2021-10-23 01:13:28",1
109,NULL,"Строительство: Инж. системы: Внутридомовые",NULL,1,111,1,1,NULL,"2021-10-23 01:13:28",1,"2021-10-23 01:13:28",1
110,NULL,"Строительство: Инж. системы: Отопление",NULL,1,111,1,1,NULL,"2021-10-23 01:13:28",1,"2021-10-23 01:13:28",1
112,NULL,"Строительство: Инж. системы: ХВС/ГВС/Канализация",NULL,1,111,1,1,NULL,"2021-10-23 01:13:28",1,"2021-10-23 01:13:28",1
113,NULL,"Строительство: Инж. системы: Вентиляция/Дымоудаление/Кондиционирование",NULL,1,111,1,1,NULL,"2021-10-23 01:13:28",1,"2021-10-23 01:13:28",1
114,NULL,"Строительство: Инж. системы: Пожарка",NULL,1,111,1,1,NULL,"2021-10-23 01:13:28",1,"2021-10-23 01:13:28",1
115,NULL,"Строительство: Инж. системы: Слаботочка",NULL,1,111,1,1,NULL,"2021-10-23 01:13:28",1,"2021-10-23 01:13:28",1
116,NULL,"Строительство: Инж. системы: Наружн.: Теплотрассы",NULL,1,111,1,1,NULL,"2021-10-23 01:13:28",1,"2021-10-23 01:13:28",1
117,NULL,"Строительство: Инж. системы: Наружн.: Канализация",NULL,1,111,1,1,NULL,"2021-10-23 01:13:28",1,"2021-10-23 01:13:28",1
118,NULL,"Строительство: Инж. системы: Наружн.: Водоснабжение",NULL,1,111,1,1,NULL,"2021-10-23 01:13:28",1,"2021-10-23 01:13:28",1
119,NULL,"Строительство: Инж. системы: Наружн.: Ливневая канализация",NULL,1,111,1,1,NULL,"2021-10-23 01:13:28",1,"2021-10-23 01:13:28",1
120,NULL,"Строительство: Кровельные работы",NULL,1,111,1,1,NULL,"2021-10-23 01:13:28",1,"2021-10-23 01:13:28",1
121,NULL,"Строительство: Благоустройство",NULL,1,111,1,1,NULL,"2021-10-23 01:13:28",1,"2021-10-23 01:13:28",1
122,NULL,"Строительство: Кладка кирпича",NULL,1,111,1,1,NULL,"2021-10-23 01:13:28",1,"2021-10-23 01:13:28",1
123,NULL,"Строительство: Лифты",NULL,1,111,1,1,NULL,"2021-10-23 01:13:28",1,"2021-10-23 01:13:28",1
124,NULL,"Строительство: Отделочные работы",NULL,1,111,1,1,NULL,"2021-10-23 01:13:28",1,"2021-10-23 01:13:28",1
125,NULL,"Строительство: Отделочные работы: Штукатурка/Малярка",NULL,1,111,1,1,NULL,"2021-10-23 01:13:28",1,"2021-10-23 01:13:28",1
126,NULL,"Строительство: Отделочные работы: Кафельщики",NULL,1,111,1,1,NULL,"2021-10-23 01:13:28",1,"2021-10-23 01:13:28",1
127,NULL,"Строительство: Отделочные работы: Сантехники",NULL,1,111,1,1,NULL,"2021-10-23 01:13:28",1,"2021-10-23 01:13:28",1
128,NULL,"Строительство: Отделочные работы Электрики",NULL,1,111,1,1,NULL,"2021-10-23 01:13:28",1,"2021-10-23 01:13:28",1
129,NULL,"Строительство: Отделочные работы: Натяжные потолки",NULL,1,111,1,1,NULL,"2021-10-23 01:13:28",1,"2021-10-23 01:13:28",1
130,NULL,"Строительство: Отделочные работы: Устройство полов / стяжка",NULL,1,111,1,1,NULL,"2021-10-23 01:13:28",1,"2021-10-23 01:13:28",1
131,NULL,"Строительство: Отделочные работы: Слаботочка",NULL,1,111,1,1,NULL,"2021-10-23 01:13:28",1,"2021-10-23 01:13:28",1
141,NULL,Транспорт,NULL,1,111,1,1,NULL,"2021-10-23 01:13:28",1,"2021-10-23 01:13:28",1
142,NULL,"Транспорт: Самосвалы",NULL,1,111,1,1,NULL,"2021-10-23 01:13:28",1,"2021-10-23 01:13:28",1
143,NULL,"Транспорт: Строит. техника",NULL,1,111,1,1,NULL,"2021-10-23 01:13:28",1,"2021-10-23 01:13:28",1
144,NULL,"Транспорт: Тягачи",NULL,1,111,1,1,NULL,"2021-10-23 01:13:28",1,"2021-10-23 01:13:28",1
145,NULL,"Транспорт: Экскаваторы",NULL,1,111,1,1,NULL,"2021-10-23 01:13:28",1,"2021-10-23 01:13:28",1
146,NULL,"Транспорт: Дорожная техника",NULL,1,111,1,1,NULL,"2021-10-23 01:13:28",1,"2021-10-23 01:13:28",1
147,NULL,"Транспорт: Буровые вышки",NULL,1,111,1,1,NULL,"2021-10-23 01:13:28",1,"2021-10-23 01:13:28",1
151,NULL,Проектирование,NULL,1,111,1,1,NULL,"2021-10-23 01:13:28",NULL,"2021-10-23 01:13:28",NULL
152,NULL,"Проектирование: Комплексное",NULL,1,111,1,1,NULL,"2021-10-23 01:13:28",NULL,"2021-10-23 01:13:28",NULL
153,NULL,"Проектирование: В и К (внутр.)",NULL,1,111,1,1,NULL,"2021-10-23 01:13:28",NULL,"2021-10-23 01:13:28",NULL
154,NULL,"Проектирование: Отопление (внутр.)",NULL,1,111,1,1,NULL,"2021-10-23 01:13:28",NULL,"2021-10-23 01:13:28",NULL
155,NULL,"Проектирование: Эл. снабжение (внутр.)",NULL,1,111,1,1,NULL,"2021-10-23 01:13:28",NULL,"2021-10-23 01:13:28",NULL
156,NULL,"Проектирование: Вентиляция и кондиционирование (внутр.)",NULL,1,111,1,1,NULL,"2021-10-23 01:13:28",NULL,"2021-10-23 01:13:28",NULL
157,NULL,"Проектирование: Пожарка (внутр.)",NULL,1,111,1,1,NULL,"2021-10-23 01:13:28",NULL,"2021-10-23 01:13:28",NULL
158,NULL,"Проектирование: Архитекторы ",NULL,1,111,1,1,NULL,"2021-10-23 01:13:28",NULL,"2021-10-23 01:13:28",NULL
159,NULL,"Проектирование: Ген. планисты (ПЗУ)",NULL,1,111,1,1,NULL,"2021-10-23 01:13:28",NULL,"2021-10-23 01:13:28",NULL
160,NULL,"Проектирование: Теплотрассы (наруж.)",NULL,1,111,1,1,NULL,"2021-10-23 01:13:28",NULL,"2021-10-23 01:13:28",NULL
161,NULL,"Проектирование: В и К (наруж.)",NULL,1,111,1,1,NULL,"2021-10-23 01:13:28",NULL,"2021-10-23 01:13:28",NULL
162,NULL,"Проектирование: Эл. сети (наружн.)",NULL,1,111,1,1,NULL,"2021-10-23 01:13:28",NULL,"2021-10-23 01:13:28",NULL
163,NULL,"Проектирование: Ливневки",NULL,1,111,1,1,NULL,"2021-10-23 01:13:28",NULL,"2021-10-23 01:13:28",NULL
164,NULL,"Проектирование: Дизайнеры интеръеров",NULL,1,111,1,1,NULL,"2021-10-23 01:13:28",NULL,"2021-10-23 01:13:28",NULL
165,NULL,"Поставщик: Блок, кирпич",NULL,1,111,1,1,NULL,"2021-10-23 01:13:28",1,"2021-10-23 01:13:28",1
166,NULL,"Поставщик: ВЧШГ",NULL,1,111,1,1,NULL,"2021-10-23 01:13:28",1,"2021-10-23 01:13:28",1
167,NULL,"Поставщик: Газ",NULL,1,111,1,1,NULL,"2021-10-23 01:13:28",1,"2021-10-23 01:13:28",1
168,NULL,"Поставщик: Гидроизоляция",NULL,1,111,1,1,NULL,"2021-10-23 01:13:28",1,"2021-10-23 01:13:28",1
169,NULL,"Поставщик: Доска",NULL,1,111,1,1,NULL,"2021-10-23 01:13:28",1,"2021-10-23 01:13:28",1
170,NULL,"Поставщик: ЖБИ",NULL,1,111,1,1,NULL,"2021-10-23 01:13:28",1,"2021-10-23 01:13:28",1
171,NULL,"Поставщик: Инертные материалы",NULL,1,111,1,1,NULL,"2021-10-23 01:13:28",1,"2021-10-23 01:13:28",1
172,NULL,"Поставщик: Крепеж, метизы",NULL,1,111,1,1,NULL,"2021-10-23 01:13:28",1,"2021-10-23 01:13:28",1
173,NULL,"Поставщик: Металл, труба",NULL,1,111,1,1,NULL,"2021-10-23 01:13:28",1,"2021-10-23 01:13:28",1
174,NULL,"Поставщик: Металлоконструкции",NULL,1,111,1,1,NULL,"2021-10-23 01:13:28",1,"2021-10-23 01:13:28",1
175,NULL,"Поставщик: Общестрой",NULL,1,111,1,1,NULL,"2021-10-23 01:13:28",1,"2021-10-23 01:13:28",1
176,NULL,"Поставщик: Расходник, инструмент",NULL,1,111,1,1,NULL,"2021-10-23 01:13:28",1,"2021-10-23 01:13:28",1
177,NULL,"Поставщик: Сантехоборудование",NULL,1,111,1,1,NULL,"2021-10-23 01:13:28",1,"2021-10-23 01:13:28",1
178,NULL,"Поставщик: Сварочное оборудование",NULL,1,111,1,1,NULL,"2021-10-23 01:13:28",1,"2021-10-23 01:13:28",1
179,NULL,"Поставщик: Такеллаж",NULL,1,111,1,1,NULL,"2021-10-23 01:13:28",1,"2021-10-23 01:13:28",1
180,NULL,"Поставщик: Цемент, праймер",NULL,1,111,1,1,NULL,"2021-10-23 01:13:28",1,"2021-10-23 01:13:28",1
181,NULL,"Поставщик: Электрика",NULL,1,111,1,1,NULL,"2021-10-23 01:13:28",1,"2021-10-23 01:13:28",1
182,NULL,"Инженерные изыскания",NULL,1,111,1,1,NULL,"2021-10-23 01:13:28",1,"2021-10-23 01:13:28",1
183,NULL,Снабжение/Закупщик,NULL,1,111,1,1,NULL,"2021-10-23 01:13:28",1,"2021-10-23 01:13:28",1
184,NULL,"не показывать в информере Договоры за последние 7 дней""",NULL,1,151,1,0,NULL,"2021-10-23 01:13:28",1,"2021-10-23 01:13:28",1
187,driver,Водитель,NULL,1,121,1,0,NULL,"2021-10-23 05:30:58",1,"2021-10-23 05:30:58",1
188,dispatcher,Диспетчер,NULL,1,3,1,0,NULL,"2021-10-23 05:31:20",1,"2021-10-23 05:31:20",1
