id,machineid,machinename,mot_id,wrkdate,wrkbegdt,wrkenddt,stfwrkhrs,mchnwrkhrs,hour_work_cost,hour_fuel_cost,drivername,driverid,driver_orgid,driver_contractid,driver_price,driver_sum,load_placeid,load_placename,unload_placeid,unload_placename,refitmid,cargo_name,qty_unittypeid,qty_unit,load_qty,load_price,load_sum,unload_qty,unload_price,unload_sum,raid_qty,paytypeid,ownorgid,orgid,org_name,disp_userid,notes,active,created_at,created_by,updated_at,updated_by
1,1,NULL,NULL,2021-09-30,"2021-09-30 07:00:00","2021-09-30 10:30:00",NULL,3.5,NULL,NULL,NULL,31,31,NULL,NULL,NULL,NULL,"ВБЩЗ Тотал",NULL,Фадеева,NULL,Скала,8,м3,33.86,114.00,3860.04,33.86,114.00,3860.04,1,2,31,NULL,"Влад асфальт",12,NULL,1,"2021-10-26 23:43:47",12,"2021-10-26 23:43:47",12
4,1,NULL,NULL,2021-09-30,"2021-09-30 11:00:00","2021-09-30 12:00:00",NULL,1.0,NULL,NULL,NULL,31,31,NULL,NULL,NULL,NULL,"ВБЩЗ Чухалдин",NULL,Фадеева,NULL,Скала,8,м3,38.38,114.00,4375.32,38.38,114.00,4375.32,1,2,31,NULL,"Влад асфальт",12,NULL,1,"2021-10-26 23:43:47",12,"2021-10-26 23:43:47",12
5,3,NULL,NULL,2021-10-24,"2021-10-24 15:55:00","2021-10-24 19:23:00",NULL,3.5,NULL,NULL,NULL,35,NULL,NULL,NULL,NULL,NULL,"сух порт",NULL,Светланская,543,"Скальный грунт",8,м3,35.00,110.00,3850.00,34.00,110.00,3740.00,1,1,NULL,34,"СК КАПИТАЛ",35,NULL,1,"2021-10-26 23:43:47",35,"2021-10-26 23:43:47",35
6,5,NULL,NULL,2021-10-24,"2021-10-24 10:00:00","2021-10-24 12:00:00",NULL,2.0,NULL,NULL,NULL,34,NULL,NULL,NULL,NULL,NULL,"бгщз чухалдин",NULL,фирсова,543,"Скальный грунт",8,м3,22.00,121.00,2662.00,22.00,121.00,2662.00,1,NULL,NULL,32,ВЛАДАСФАЛЬТ,36,NULL,1,"2021-10-26 23:43:47",36,"2021-10-26 23:43:47",36
7,4,NULL,NULL,2021-10-22,"2021-10-22 07:00:00","2021-10-22 09:15:00",NULL,2.3,NULL,NULL,NULL,33,NULL,NULL,NULL,NULL,NULL,"сух порт",NULL,Пушкинская,1136,Песок,8,м3,33.00,100.00,3300.00,33.00,100.00,3300.00,1,2,NULL,33,"ДАЛЬНЕВОСТОЧНЫЙ КОММЕРЧЕСКИЙ ХОЛОДИЛЬНИК",35,NULL,1,"2021-10-26 23:43:47",36,"2021-10-26 23:43:47",36
8,4,NULL,NULL,2021-10-25,"2021-10-25 17:25:00","2021-10-25 20:00:00",NULL,2.6,NULL,NULL,"Черняк (СПЕЦАВТОСТРОЙ-ДВ: водитель)",32,NULL,NULL,NULL,NULL,NULL,"Сух порт",NULL,Руднева,1136,Песок,8,м3,33.00,100.00,3300.00,33.00,100.00,3300.00,1,1,NULL,35,"ХЕМИКС ГРУПП",12,NULL,1,"2021-10-26 23:43:47",12,"2021-10-26 23:43:47",12
9,4,NULL,NULL,2021-10-25,"2021-10-25 15:20:00","2021-10-25 17:10:00",NULL,1.8,NULL,NULL,NULL,32,NULL,NULL,NULL,NULL,NULL,"Вбщз 1",NULL,Баляева,543,"Скальный грунт",8,м3,45.00,112.00,5040.00,45.00,112.00,5040.00,1,1,NULL,35,"ХЕМИКС ГРУПП",12,NULL,1,"2021-10-26 23:43:47",12,"2021-10-26 23:43:47",12
10,1,NULL,NULL,2021-10-25,"2021-10-25 08:20:00","2021-10-25 10:45:00",NULL,2.4,NULL,NULL,NULL,35,NULL,NULL,NULL,NULL,NULL,"Сух порт",NULL,"100 лет Влад-ка",960,"Щебень М 1200, фракция 10-20 мм, группа 2",8,м3,44.00,133.00,5852.00,44.00,133.00,5852.00,1,1,NULL,22,"-частное лицо-",12,NULL,1,"2021-10-26 23:43:47",12,"2021-10-26 23:43:47",12
11,5,NULL,NULL,2021-10-27,"2021-10-27 09:00:00","2021-10-27 10:00:00",NULL,1.0,NULL,NULL,Чернов,31,NULL,NULL,NULL,NULL,27,"Сух порт",NULL,Раздольное,543,"Скальный грунт",8,м3,55.00,100.00,5500.00,55.00,100.00,5500.00,1,1,NULL,22,"-частное лицо-",12,,1,"2021-10-27 01:05:25",12,"2021-10-27 01:07:36",12
