id,ownorgid,orgacntid,inituserid,docdate,restbegsum,plnpaysum,aprvpaysum,restendsum,notes,active,locked,created_at,created_by,updated_at,updated_by
2,6,NULL,NULL,2020-08-27,383620.57,NULL,NULL,NULL,NULL,1,0,"2020-08-27 04:55:35",33,"2020-08-31 08:26:59",25
3,6,NULL,33,2020-09-25,386751.32,NULL,NULL,NULL,NULL,1,0,"2020-08-27 23:32:39",33,"2020-09-25 06:02:30",33
4,6,NULL,NULL,2020-09-10,686568.26,NULL,NULL,NULL,NULL,1,0,"2020-08-28 00:20:51",33,"2020-09-09 22:49:50",33
5,6,NULL,NULL,2020-08-28,509905.47,NULL,NULL,NULL,NULL,1,0,"2020-08-28 01:01:17",33,"2020-08-28 01:53:39",42
6,6,NULL,NULL,2020-09-09,729573.26,NULL,NULL,NULL,NULL,1,0,"2020-08-28 01:30:11",33,"2020-09-08 22:37:00",33
7,6,NULL,NULL,2020-09-02,50851.80,NULL,NULL,NULL,NULL,1,0,"2020-08-31 03:51:36",33,"2020-09-01 22:37:25",33
8,6,NULL,33,2020-09-30,1833020.75,NULL,NULL,NULL,NULL,1,0,"2020-08-31 03:54:18",33,"2020-09-30 05:30:24",33
9,6,NULL,NULL,2020-08-31,66942.80,NULL,NULL,NULL,NULL,1,0,"2020-08-31 03:57:05",33,"2020-08-31 03:57:05",33
10,6,NULL,NULL,2020-09-01,50851.80,NULL,NULL,NULL,NULL,1,0,"2020-08-31 06:44:19",42,"2020-09-01 23:57:13",33
11,7,NULL,NULL,2020-09-07,2727.06,NULL,NULL,NULL,NULL,1,0,"2020-09-01 23:09:41",53,"2020-09-06 22:26:02",53
12,7,NULL,NULL,2020-09-03,1969.88,NULL,NULL,NULL,NULL,1,0,"2020-09-03 04:38:53",53,"2020-09-03 04:38:53",53
13,7,NULL,NULL,2020-09-04,369.88,NULL,NULL,NULL,NULL,1,0,"2020-09-03 22:24:30",53,"2020-09-03 22:24:30",53
14,6,NULL,NULL,2020-09-04,39047.14,NULL,NULL,NULL,NULL,1,0,"2020-09-04 00:25:59",33,"2020-09-04 00:25:59",33
15,6,NULL,NULL,2020-09-07,310574.58,NULL,NULL,NULL,NULL,1,0,"2020-09-06 22:33:25",33,"2020-09-07 03:55:55",33
16,6,NULL,NULL,2020-09-08,134617.42,NULL,NULL,NULL,NULL,1,0,"2020-09-07 22:19:08",33,"2020-09-07 22:19:43",33
17,7,NULL,NULL,2020-09-08,2727.06,NULL,NULL,NULL,NULL,1,0,"2020-09-07 22:20:31",53,"2020-09-07 22:20:31",53
19,6,NULL,33,2020-09-11,436129.50,NULL,NULL,NULL,NULL,1,0,"2020-09-08 00:21:53",33,"2020-09-10 23:16:48",33
20,7,NULL,53,2020-09-14,129811.51,NULL,NULL,NULL,NULL,1,0,"2020-09-08 04:37:02",53,"2020-09-13 22:15:14",53
21,7,NULL,NULL,2020-09-09,2727.06,NULL,NULL,NULL,NULL,1,0,"2020-09-08 22:11:49",53,"2020-09-08 22:11:49",53
22,7,NULL,12,2020-09-10,0.00,NULL,NULL,NULL,NULL,1,0,"2020-09-09 22:45:38",53,"2020-09-10 11:37:43",53
23,7,NULL,53,2020-09-11,129811.51,NULL,NULL,NULL,NULL,1,0,"2020-09-11 00:46:07",53,"2020-09-11 03:29:47",53
24,1,NULL,55,2020-09-14,476951.94,NULL,NULL,NULL,NULL,1,0,"2020-09-13 22:26:54",55,"2020-09-13 22:27:10",1
25,2,NULL,55,2020-09-14,5707.50,NULL,NULL,NULL,NULL,1,0,"2020-09-13 22:40:35",55,"2020-09-13 22:40:35",1
26,6,NULL,33,2020-09-14,1208232.13,NULL,NULL,NULL,NULL,1,0,"2020-09-13 22:44:14",33,"2020-09-14 01:39:00",1
27,19,NULL,56,2020-09-14,373578.99,NULL,NULL,NULL,NULL,1,0,"2020-09-13 23:11:10",56,"2020-09-13 23:11:43",1
28,14,NULL,56,2020-09-14,8492.89,NULL,NULL,NULL,NULL,1,0,"2020-09-13 23:16:15",56,"2020-09-13 23:16:15",1
29,7,NULL,53,2020-09-15,177204.83,NULL,NULL,NULL,NULL,1,0,"2020-09-14 22:05:55",53,"2020-09-14 22:06:25",1
30,6,NULL,33,2020-09-15,496176.62,NULL,NULL,NULL,NULL,1,0,"2020-09-14 22:15:21",33,"2020-09-15 01:40:02",1
31,2,NULL,55,2020-09-15,5711.86,NULL,NULL,NULL,NULL,1,0,"2020-09-14 22:20:09",55,"2020-09-14 22:20:09",1
32,1,NULL,55,2020-09-15,379394.32,NULL,NULL,NULL,NULL,1,0,"2020-09-14 22:20:36",55,"2020-09-14 22:20:53",1
33,19,NULL,56,2020-09-15,373578.99,NULL,NULL,NULL,NULL,1,0,"2020-09-14 22:30:18",56,"2020-09-14 22:30:35",1
34,14,NULL,56,2020-09-15,8492.89,NULL,NULL,NULL,NULL,1,0,"2020-09-14 22:30:58",56,"2020-09-14 22:30:58",1
35,6,NULL,33,2020-10-09,1778284.78,NULL,NULL,NULL,NULL,1,0,"2020-09-15 04:26:32",33,"2020-10-08 22:32:52",33
36,7,NULL,53,2020-09-16,173429.83,NULL,NULL,NULL,NULL,1,0,"2020-09-15 22:06:28",53,"2020-09-15 22:07:22",1
37,1,NULL,55,2020-09-16,349818.77,NULL,NULL,NULL,NULL,1,0,"2020-09-15 22:21:59",55,"2020-09-15 22:22:25",1
38,2,NULL,55,2020-09-16,3730.86,NULL,NULL,NULL,NULL,1,0,"2020-09-15 22:23:03",55,"2020-09-15 22:23:03",1
39,14,NULL,56,2020-09-16,8492.89,NULL,NULL,NULL,NULL,1,0,"2020-09-15 22:52:28",56,"2020-09-15 22:52:28",1
40,19,NULL,56,2020-09-16,364089.26,NULL,NULL,NULL,NULL,1,0,"2020-09-15 22:52:52",56,"2020-09-15 22:53:08",1
41,6,NULL,33,2020-09-16,209174.70,NULL,NULL,NULL,NULL,1,0,"2020-09-15 23:03:38",33,"2020-09-16 03:21:25",1
42,7,NULL,53,2020-09-17,123256.83,NULL,NULL,NULL,NULL,1,0,"2020-09-16 22:09:20",53,"2020-09-16 22:10:22",1
43,2,NULL,55,2020-09-17,3730.86,NULL,NULL,NULL,NULL,1,0,"2020-09-16 22:23:43",55,"2020-09-16 22:23:43",1
44,1,NULL,55,2020-09-17,345819.77,NULL,NULL,NULL,NULL,1,0,"2020-09-16 22:24:06",55,"2020-09-16 22:24:33",1
45,6,NULL,33,2020-09-17,83009.54,NULL,NULL,NULL,NULL,1,0,"2020-09-16 22:40:14",33,"2020-09-16 22:40:14",1
46,7,NULL,53,2020-09-18,77643.83,NULL,NULL,NULL,NULL,1,0,"2020-09-17 22:06:04",53,"2020-09-17 22:07:11",1
47,1,NULL,55,2020-09-18,345819.77,NULL,NULL,NULL,NULL,1,0,"2020-09-17 22:21:10",55,"2020-09-17 22:21:39",1
48,2,NULL,55,2020-09-18,3730.86,NULL,NULL,NULL,NULL,1,0,"2020-09-17 22:21:56",55,"2020-09-17 22:21:56",1
49,6,NULL,33,2020-09-18,83099.54,NULL,NULL,NULL,NULL,1,0,"2020-09-17 22:33:36",33,"2020-09-17 22:33:36",1
50,14,NULL,56,2020-09-18,4661.89,NULL,NULL,NULL,NULL,1,0,"2020-09-17 22:58:31",56,"2020-09-17 22:58:31",1
51,19,NULL,56,2020-09-18,363889.26,NULL,NULL,NULL,NULL,1,0,"2020-09-17 22:59:23",56,"2020-09-17 23:00:19",1
52,7,NULL,53,2020-09-21,70795.83,NULL,NULL,NULL,NULL,1,0,"2020-09-20 22:10:19",53,"2020-09-20 22:10:58",1
53,6,NULL,33,2020-09-21,4116967.63,NULL,NULL,NULL,NULL,1,0,"2020-09-20 22:16:16",33,"2020-09-20 22:16:16",1
54,1,NULL,55,2020-09-21,45620.77,NULL,NULL,NULL,NULL,1,0,"2020-09-20 22:23:23",55,"2020-09-20 22:23:38",1
55,2,NULL,55,2020-09-21,3730.86,NULL,NULL,NULL,NULL,1,0,"2020-09-20 22:23:53",55,"2020-09-20 22:23:53",1
56,7,NULL,53,2020-09-22,70795.83,NULL,NULL,NULL,NULL,1,0,"2020-09-21 22:10:37",53,"2020-09-21 22:11:16",1
57,2,NULL,55,2020-09-22,3730.86,NULL,NULL,NULL,NULL,1,0,"2020-09-21 22:18:18",55,"2020-09-21 22:18:18",1
58,1,NULL,55,2020-09-22,45620.77,NULL,NULL,NULL,NULL,1,0,"2020-09-21 22:18:31",55,"2020-09-21 22:18:42",1
59,6,NULL,33,2020-09-22,769553.94,NULL,NULL,NULL,NULL,1,0,"2020-09-21 22:31:14",33,"2020-09-22 04:08:37",33
60,10,NULL,56,2020-09-23,466920.44,NULL,NULL,NULL,NULL,1,0,"2020-09-22 21:44:34",56,"2020-09-23 04:59:40",1
61,160,NULL,56,2020-09-23,1055657.00,NULL,NULL,NULL,NULL,1,0,"2020-09-22 21:49:53",56,"2020-09-22 21:49:53",1
62,7,NULL,53,2020-09-23,70795.83,NULL,NULL,NULL,NULL,1,0,"2020-09-22 22:10:31",53,"2020-09-22 22:11:37",53
63,1,NULL,55,2020-09-23,42431.77,NULL,NULL,NULL,NULL,1,0,"2020-09-22 22:13:51",55,"2020-09-22 22:14:11",1
64,2,NULL,55,2020-09-23,3730.86,NULL,NULL,NULL,NULL,1,0,"2020-09-22 22:14:29",55,"2020-09-22 22:14:29",1
65,19,NULL,56,2020-09-23,81158.23,NULL,NULL,NULL,NULL,1,0,"2020-09-22 22:26:17",56,"2020-09-22 22:27:08",1
66,14,NULL,56,2020-09-23,4661.89,NULL,NULL,NULL,NULL,1,0,"2020-09-22 22:27:29",56,"2020-09-22 22:27:29",1
67,6,NULL,33,2020-09-23,463786.44,NULL,NULL,NULL,NULL,1,0,"2020-09-22 22:43:05",33,"2020-09-22 22:43:05",1
68,10,NULL,56,2020-09-24,466920.44,NULL,NULL,NULL,NULL,1,0,"2020-09-23 21:26:39",56,"2020-09-23 21:26:39",1
69,19,NULL,56,2020-09-24,81042.90,NULL,NULL,NULL,NULL,1,0,"2020-09-23 21:27:00",56,"2020-09-23 21:27:27",1
70,14,NULL,56,2020-09-24,4180.89,NULL,NULL,NULL,NULL,1,0,"2020-09-23 21:27:44",56,"2020-09-23 21:27:44",1
71,160,NULL,56,2020-09-24,993448.00,NULL,NULL,NULL,NULL,1,0,"2020-09-23 21:28:59",56,"2020-09-23 23:40:08",1
72,2,NULL,55,2020-09-24,3730.86,NULL,NULL,NULL,NULL,1,0,"2020-09-23 22:13:29",55,"2020-09-23 22:13:29",1
73,1,NULL,12,2020-09-24,32331.77,NULL,NULL,NULL,NULL,1,0,"2020-09-23 22:13:44",55,"2020-09-24 00:11:48",55
74,7,NULL,53,2020-09-24,70795.83,NULL,NULL,NULL,NULL,1,0,"2020-09-23 22:19:29",53,"2020-09-24 03:12:13",53
75,6,NULL,33,2020-09-24,262994.83,NULL,NULL,NULL,NULL,1,0,"2020-09-23 22:59:09",33,"2020-09-23 22:59:09",1
76,160,NULL,56,2020-09-25,993448.00,NULL,NULL,NULL,NULL,1,0,"2020-09-24 21:13:30",56,"2020-09-24 21:13:30",1
77,10,NULL,56,2020-09-25,466920.44,NULL,NULL,NULL,NULL,1,0,"2020-09-24 21:13:51",56,"2020-09-24 21:13:51",1
78,19,NULL,56,2020-09-25,81042.90,NULL,NULL,NULL,NULL,1,0,"2020-09-24 21:14:08",56,"2020-09-24 21:14:20",1
79,14,NULL,56,2020-09-25,4180.89,NULL,NULL,NULL,NULL,1,0,"2020-09-24 21:14:36",56,"2020-09-24 21:14:36",1
80,1,NULL,55,2020-09-25,32331.77,NULL,NULL,NULL,NULL,1,0,"2020-09-24 22:13:52",55,"2020-09-24 22:14:04",1
81,2,NULL,55,2020-09-25,3730.86,NULL,NULL,NULL,NULL,1,0,"2020-09-24 22:14:23",55,"2020-09-24 22:14:23",1
82,7,NULL,53,2020-09-25,37163.59,NULL,NULL,NULL,NULL,1,0,"2020-09-24 22:17:43",53,"2020-09-24 22:18:05",1
83,7,NULL,53,2020-09-28,25107.29,NULL,NULL,NULL,NULL,1,0,"2020-09-27 22:00:50",53,"2020-09-27 22:03:25",1
84,2,NULL,55,2020-09-28,889867.20,NULL,NULL,NULL,NULL,1,0,"2020-09-27 22:09:56",55,"2020-09-27 22:09:56",1
85,1,NULL,55,2020-09-28,163610.65,NULL,NULL,NULL,NULL,1,0,"2020-09-27 22:10:14",55,"2020-09-27 22:10:33",1
86,6,NULL,33,2020-09-28,1941758.86,NULL,NULL,NULL,NULL,1,0,"2020-09-27 22:30:18",33,"2020-09-28 03:05:25",1
87,14,NULL,56,2020-09-28,26845.33,NULL,NULL,NULL,NULL,1,0,"2020-09-28 06:48:04",56,"2020-09-28 06:48:04",1
88,19,NULL,56,2020-09-28,19929.90,NULL,NULL,NULL,NULL,1,0,"2020-09-28 06:48:39",56,"2020-09-28 06:49:06",1
89,160,NULL,56,2020-09-28,557448.00,NULL,NULL,NULL,NULL,1,0,"2020-09-28 06:49:35",56,"2020-09-28 06:49:35",1
90,10,NULL,56,2020-09-28,76889.44,NULL,NULL,NULL,NULL,1,0,"2020-09-28 06:50:27",56,"2020-09-28 06:50:27",1
91,10,NULL,56,2020-09-29,76889.44,NULL,NULL,NULL,NULL,1,0,"2020-09-28 21:21:06",56,"2020-09-28 21:21:06",1
92,160,NULL,56,2020-09-29,557448.00,NULL,NULL,NULL,NULL,1,0,"2020-09-28 21:21:27",56,"2020-09-28 21:21:27",1
93,19,NULL,56,2020-09-29,19929.90,NULL,NULL,NULL,NULL,1,0,"2020-09-28 21:21:47",56,"2020-09-28 21:22:09",1
94,14,NULL,56,2020-09-29,26845.33,NULL,NULL,NULL,NULL,1,0,"2020-09-28 21:22:33",56,"2020-09-28 21:22:33",1
95,7,NULL,53,2020-09-29,22958.29,NULL,NULL,NULL,NULL,1,0,"2020-09-28 22:08:23",53,"2020-09-28 22:09:39",53
96,1,NULL,55,2020-09-29,162424.65,NULL,NULL,NULL,NULL,1,0,"2020-09-28 22:11:49",55,"2020-09-28 22:12:05",1
97,2,NULL,55,2020-09-29,191838.60,NULL,NULL,NULL,NULL,1,0,"2020-09-28 22:12:25",55,"2020-09-28 22:12:25",1
98,6,NULL,33,2020-09-29,1804897.86,NULL,NULL,NULL,NULL,1,0,"2020-09-28 22:56:32",33,"2020-09-28 22:56:32",1
99,15,NULL,44,2020-09-29,1434469.00,NULL,NULL,NULL,NULL,1,0,"2020-09-28 23:30:52",44,"2020-09-28 23:30:52",1
100,14,NULL,56,2020-09-30,25345.33,NULL,NULL,NULL,NULL,1,0,"2020-09-29 21:19:11",56,"2020-09-29 21:19:11",1
101,19,NULL,56,2020-09-30,18188.90,NULL,NULL,NULL,NULL,1,0,"2020-09-29 21:19:40",56,"2020-09-29 21:20:01",1
102,160,NULL,56,2020-09-30,743128.00,NULL,NULL,NULL,NULL,1,0,"2020-09-29 21:20:47",56,"2020-09-29 23:57:31",1
103,10,NULL,56,2020-09-30,45389.44,NULL,NULL,NULL,NULL,1,0,"2020-09-29 21:21:18",56,"2020-09-30 00:24:42",1
104,15,NULL,56,2020-09-30,516682760.42,NULL,NULL,NULL,NULL,1,0,"2020-09-29 21:22:14",56,"2020-09-29 23:56:47",1
105,7,NULL,53,2020-09-30,21158.29,NULL,NULL,NULL,NULL,1,0,"2020-09-29 22:05:46",53,"2020-09-29 23:27:22",1
106,2,NULL,55,2020-09-30,221838.60,NULL,NULL,NULL,NULL,1,0,"2020-09-29 22:11:52",55,"2020-09-29 22:11:52",1
107,1,NULL,55,2020-09-30,132225.65,NULL,NULL,NULL,NULL,1,0,"2020-09-29 22:12:04",55,"2020-09-29 22:12:23",1
108,15,NULL,56,2020-10-01,516672631.42,NULL,NULL,NULL,NULL,1,0,"2020-09-30 21:26:09",56,"2020-09-30 21:27:29",1
109,10,NULL,56,2020-10-01,1177789.44,NULL,NULL,NULL,NULL,1,0,"2020-09-30 21:27:47",56,"2020-09-30 21:27:47",1
110,19,NULL,56,2020-10-01,18188.90,NULL,NULL,NULL,NULL,1,0,"2020-09-30 21:29:38",56,"2020-09-30 21:29:53",1
111,14,NULL,56,2020-10-01,25345.33,NULL,NULL,NULL,NULL,1,0,"2020-09-30 21:30:11",56,"2020-09-30 21:30:11",1
112,7,NULL,53,2020-10-01,37019.29,NULL,NULL,NULL,NULL,1,0,"2020-09-30 22:09:12",53,"2020-09-30 22:09:44",1
113,1,NULL,55,2020-10-01,12026.65,NULL,NULL,NULL,NULL,1,0,"2020-09-30 22:17:16",55,"2020-09-30 22:17:38",1
114,2,NULL,55,2020-10-01,5697.64,NULL,NULL,NULL,NULL,1,0,"2020-09-30 22:18:01",55,"2020-09-30 22:18:01",1
115,6,NULL,33,2020-10-01,1765974.75,NULL,NULL,NULL,NULL,1,0,"2020-09-30 22:27:28",33,"2020-09-30 22:27:28",1
116,160,NULL,56,2020-10-01,730554.00,NULL,NULL,NULL,NULL,1,0,"2020-09-30 23:10:09",56,"2020-09-30 23:10:09",1
117,7,NULL,53,2020-10-02,37019.29,NULL,NULL,NULL,NULL,1,0,"2020-10-01 22:07:32",53,"2020-10-01 22:07:58",1
118,2,NULL,55,2020-10-02,5697.64,NULL,NULL,NULL,NULL,1,0,"2020-10-01 22:16:36",55,"2020-10-01 22:16:36",1
119,1,NULL,55,2020-10-02,5429889.45,NULL,NULL,NULL,NULL,1,0,"2020-10-01 22:16:49",55,"2020-10-01 22:17:09",1
120,14,NULL,56,2020-10-02,25345.33,NULL,NULL,NULL,NULL,1,0,"2020-10-01 22:22:08",56,"2020-10-01 22:22:08",1
121,19,NULL,56,2020-10-02,18188.90,NULL,NULL,NULL,NULL,1,0,"2020-10-01 22:22:28",56,"2020-10-01 22:23:11",1
122,10,NULL,56,2020-10-02,477789.44,NULL,NULL,NULL,NULL,1,0,"2020-10-01 22:23:36",56,"2020-10-01 22:23:36",1
123,160,NULL,56,2020-10-02,730554.00,NULL,NULL,NULL,NULL,1,0,"2020-10-01 22:24:38",56,"2020-10-01 22:24:38",1
124,15,NULL,56,2020-10-02,508310837.50,NULL,NULL,NULL,NULL,1,0,"2020-10-01 22:25:25",56,"2020-10-01 22:30:40",1
125,6,NULL,33,2020-10-02,3275691.74,NULL,NULL,NULL,NULL,1,0,"2020-10-01 22:48:11",33,"2020-10-02 04:06:15",1
126,19,NULL,56,2020-10-05,14864.23,NULL,NULL,NULL,NULL,1,0,"2020-10-04 21:36:12",56,"2020-10-04 23:38:31",1
127,10,NULL,56,2020-10-05,300865.01,NULL,NULL,NULL,NULL,1,0,"2020-10-04 21:36:58",56,"2020-10-04 21:36:58",1
128,14,NULL,56,2020-10-05,25345.33,NULL,NULL,NULL,NULL,1,0,"2020-10-04 21:37:24",56,"2020-10-04 21:37:24",1
129,15,NULL,56,2020-10-05,508309819.03,NULL,NULL,NULL,NULL,1,0,"2020-10-04 21:38:59",56,"2020-10-04 23:24:25",1
130,1,NULL,55,2020-10-05,1028055.47,NULL,NULL,NULL,NULL,1,0,"2020-10-04 22:13:20",55,"2020-10-04 22:13:32",1
131,7,NULL,53,2020-10-05,264313.73,NULL,NULL,NULL,NULL,1,0,"2020-10-04 22:13:35",53,"2020-10-04 22:19:09",1
132,2,NULL,55,2020-10-05,5697.64,NULL,NULL,NULL,NULL,1,0,"2020-10-04 22:13:53",55,"2020-10-04 22:13:53",1
133,6,NULL,33,2020-10-05,2359734.75,NULL,NULL,NULL,NULL,1,0,"2020-10-04 22:38:45",33,"2020-10-04 22:38:45",1
134,160,NULL,56,2020-10-05,730554.00,NULL,NULL,NULL,NULL,1,0,"2020-10-04 23:23:20",56,"2020-10-04 23:23:20",1
136,15,NULL,56,2020-10-06,508085306.98,NULL,NULL,NULL,NULL,1,0,"2020-10-05 21:27:46",56,"2020-10-05 21:33:16",1
137,10,NULL,56,2020-10-06,227834.01,NULL,NULL,NULL,NULL,1,0,"2020-10-05 21:30:50",56,"2020-10-05 21:30:50",1
138,19,NULL,56,2020-10-06,14563.77,NULL,NULL,NULL,NULL,1,0,"2020-10-05 21:31:42",56,"2020-10-05 21:32:04",1
139,14,NULL,56,2020-10-06,14575.33,NULL,NULL,NULL,NULL,1,0,"2020-10-05 21:32:22",56,"2020-10-05 21:32:22",1
140,7,NULL,53,2020-10-06,254830.81,NULL,NULL,NULL,NULL,1,0,"2020-10-05 22:13:12",53,"2020-10-05 22:15:27",1
141,6,NULL,33,2020-10-06,2227609.43,NULL,NULL,NULL,NULL,1,0,"2020-10-05 22:15:06",33,"2020-10-05 22:15:06",1
142,2,NULL,55,2020-10-06,5697.64,NULL,NULL,NULL,NULL,1,0,"2020-10-05 22:17:34",55,"2020-10-05 22:17:34",1
143,1,NULL,55,2020-10-06,1022695.47,NULL,NULL,NULL,NULL,1,0,"2020-10-05 22:17:49",55,"2020-10-05 22:18:09",1
146,160,NULL,56,2020-10-06,729054.00,NULL,NULL,NULL,NULL,1,0,"2020-10-05 22:55:00",56,"2020-10-05 22:55:00",1
147,160,NULL,56,2020-10-07,729054.00,NULL,NULL,NULL,NULL,1,0,"2020-10-06 21:47:15",56,"2020-10-06 21:47:15",1
148,15,NULL,56,2020-10-07,508079306.98,NULL,NULL,NULL,NULL,1,0,"2020-10-06 21:47:43",56,"2020-10-06 21:49:48",1
149,10,NULL,56,2020-10-07,226984.01,NULL,NULL,NULL,NULL,1,0,"2020-10-06 21:50:10",56,"2020-10-06 21:50:10",1
150,19,NULL,56,2020-10-07,13756.22,NULL,NULL,NULL,NULL,1,0,"2020-10-06 21:50:43",56,"2020-10-06 21:51:00",1
151,14,NULL,56,2020-10-07,14575.33,NULL,NULL,NULL,NULL,1,0,"2020-10-06 21:51:27",56,"2020-10-06 21:51:27",1
152,1,NULL,55,2020-10-07,1011095.47,NULL,NULL,NULL,NULL,1,0,"2020-10-06 22:08:56",55,"2020-10-06 22:09:19",1
153,2,NULL,55,2020-10-07,5697.64,NULL,NULL,NULL,NULL,1,0,"2020-10-06 22:09:39",55,"2020-10-06 22:09:39",1
154,7,NULL,53,2020-10-07,232325.81,NULL,NULL,NULL,NULL,1,0,"2020-10-06 22:12:55",53,"2020-10-06 22:14:02",53
155,6,NULL,33,2020-10-07,2013085.63,NULL,NULL,NULL,NULL,1,0,"2020-10-06 22:28:57",33,"2020-10-06 22:28:57",1
156,14,NULL,56,2020-10-08,14575.33,NULL,NULL,NULL,NULL,1,0,"2020-10-07 21:38:52",56,"2020-10-07 21:38:52",1
157,19,NULL,56,2020-10-08,14373.77,NULL,NULL,NULL,NULL,1,0,"2020-10-07 21:40:00",56,"2020-10-07 21:40:19",1
158,160,NULL,56,2020-10-08,1458108.00,NULL,NULL,NULL,NULL,1,0,"2020-10-07 21:41:02",56,"2020-10-07 21:41:02",1
159,160,NULL,56,2020-10-08,1458108.00,NULL,NULL,NULL,NULL,1,0,"2020-10-07 21:41:02",56,"2020-10-07 21:41:02",1
160,10,NULL,56,2020-10-08,226984.01,NULL,NULL,NULL,NULL,1,0,"2020-10-07 21:41:46",56,"2020-10-07 21:41:46",1
161,15,NULL,56,2020-10-08,1506200.28,NULL,NULL,NULL,NULL,1,0,"2020-10-07 21:43:03",56,"2020-10-07 21:47:00",1
162,7,NULL,53,2020-10-08,232325.81,NULL,NULL,NULL,NULL,1,0,"2020-10-07 22:01:40",53,"2020-10-07 22:02:13",53
163,2,NULL,55,2020-10-08,5697.64,NULL,NULL,NULL,NULL,1,0,"2020-10-07 22:12:37",55,"2020-10-07 23:08:16",1
164,1,NULL,55,2020-10-08,1011095.47,NULL,NULL,NULL,NULL,1,0,"2020-10-07 22:12:54",55,"2020-10-07 23:08:00",1
165,6,NULL,33,2020-10-08,1878063.63,NULL,NULL,NULL,NULL,1,0,"2020-10-07 22:28:05",33,"2020-10-07 23:00:18",33
166,15,NULL,56,2020-10-09,506115848.98,NULL,NULL,NULL,NULL,1,0,"2020-10-08 21:36:29",56,"2020-10-09 01:06:17",1
167,10,NULL,56,2020-10-09,226984.01,NULL,NULL,NULL,NULL,1,0,"2020-10-08 21:38:28",56,"2020-10-08 21:38:28",1
168,14,NULL,56,2020-10-09,7414.33,NULL,NULL,NULL,NULL,1,0,"2020-10-08 21:39:02",56,"2020-10-08 21:39:02",1
169,19,NULL,56,2020-10-09,14365.10,NULL,NULL,NULL,NULL,1,0,"2020-10-08 21:39:21",56,"2020-10-08 21:39:33",1
170,7,NULL,53,2020-10-09,2930094.42,NULL,NULL,NULL,NULL,1,0,"2020-10-08 22:22:30",53,"2020-10-08 22:22:56",1
171,1,NULL,55,2020-10-09,1642340.87,NULL,NULL,NULL,NULL,1,0,"2020-10-08 22:25:18",55,"2020-10-08 22:25:31",1
172,2,NULL,55,2020-10-09,22834.31,NULL,NULL,NULL,NULL,1,0,"2020-10-08 22:25:54",55,"2020-10-08 22:25:54",1
173,160,NULL,56,2020-10-09,956659.00,NULL,NULL,NULL,NULL,1,0,"2020-10-09 01:06:57",56,"2020-10-09 01:06:57",1
174,15,NULL,56,2020-10-12,505146895.50,NULL,NULL,NULL,NULL,1,0,"2020-10-11 21:47:47",56,"2020-10-11 22:31:36",1
175,10,NULL,56,2020-10-12,226984.01,NULL,NULL,NULL,NULL,1,0,"2020-10-11 21:50:04",56,"2020-10-11 21:50:04",1
176,19,NULL,56,2020-10-12,28213.20,NULL,NULL,NULL,NULL,1,0,"2020-10-11 21:52:11",56,"2020-10-11 21:52:27",1
177,14,NULL,56,2020-10-12,23359.39,NULL,NULL,NULL,NULL,1,0,"2020-10-11 21:52:47",56,"2020-10-11 21:52:47",1
178,7,NULL,53,2020-10-12,1671908.47,NULL,NULL,NULL,NULL,1,0,"2020-10-11 22:10:41",53,"2020-10-11 22:11:07",1
179,2,NULL,55,2020-10-12,39880.74,NULL,NULL,NULL,NULL,1,0,"2020-10-11 22:15:00",55,"2020-10-11 22:15:00",1
180,1,NULL,55,2020-10-12,747362.84,NULL,NULL,NULL,NULL,1,0,"2020-10-11 22:15:25",55,"2020-10-11 22:15:39",1
181,160,NULL,56,2020-10-12,751659.37,NULL,NULL,NULL,NULL,1,0,"2020-10-11 22:30:58",56,"2020-10-11 22:30:58",1
182,6,NULL,33,2020-10-12,1871506.12,NULL,NULL,NULL,NULL,1,0,"2020-10-12 03:18:18",33,"2020-10-12 03:18:18",1
183,160,NULL,56,2020-10-13,751659.37,NULL,NULL,NULL,NULL,1,0,"2020-10-12 21:31:25",56,"2020-10-12 21:31:25",1
184,14,NULL,56,2020-10-13,23359.39,NULL,NULL,NULL,NULL,1,0,"2020-10-12 21:31:43",56,"2020-10-12 21:31:43",1
185,19,NULL,56,2020-10-13,28182.20,NULL,NULL,NULL,NULL,1,0,"2020-10-12 21:32:01",56,"2020-10-12 21:32:26",1
186,10,NULL,56,2020-10-13,153984.01,NULL,NULL,NULL,NULL,1,0,"2020-10-12 21:32:47",56,"2020-10-12 21:32:47",1
187,15,NULL,56,2020-10-13,962901320.50,NULL,NULL,NULL,NULL,1,0,"2020-10-12 21:33:16",56,"2020-10-12 21:34:16",1
188,7,NULL,53,2020-10-13,1601484.46,NULL,NULL,NULL,NULL,1,0,"2020-10-12 22:07:38",53,"2020-10-12 22:08:09",1
189,1,NULL,55,2020-10-13,747362.84,NULL,NULL,NULL,NULL,1,0,"2020-10-12 22:08:33",55,"2020-10-12 22:08:46",1
190,2,NULL,55,2020-10-13,39880.74,NULL,NULL,NULL,NULL,1,0,"2020-10-12 22:09:05",55,"2020-10-12 22:09:05",1
191,6,NULL,33,2020-10-13,1588280.31,NULL,NULL,NULL,NULL,1,0,"2020-10-12 22:16:48",33,"2020-10-12 22:16:48",1
192,15,NULL,56,2020-10-14,505111258.50,NULL,NULL,NULL,NULL,1,0,"2020-10-13 21:51:49",56,"2020-10-13 21:53:23",1
193,10,NULL,56,2020-10-14,33984.01,NULL,NULL,NULL,NULL,1,0,"2020-10-13 21:53:52",56,"2020-10-13 21:53:52",1
194,19,NULL,56,2020-10-14,23896.16,NULL,NULL,NULL,NULL,1,0,"2020-10-13 21:54:21",56,"2020-10-13 21:54:32",1
195,14,NULL,56,2020-10-14,23359.39,NULL,NULL,NULL,NULL,1,0,"2020-10-13 21:54:47",56,"2020-10-13 21:54:47",1
196,2,NULL,55,2020-10-14,74537.74,NULL,NULL,NULL,NULL,1,0,"2020-10-13 22:07:25",55,"2020-10-13 22:07:25",1
197,1,NULL,55,2020-10-14,747362.84,NULL,NULL,NULL,NULL,1,0,"2020-10-13 22:07:37",55,"2020-10-13 22:07:51",1
198,7,NULL,53,2020-10-14,1435643.59,NULL,NULL,NULL,NULL,1,0,"2020-10-13 22:09:03",53,"2020-10-13 22:09:30",1
199,6,NULL,33,2020-10-14,1414965.41,NULL,NULL,NULL,NULL,1,0,"2020-10-14 00:02:12",33,"2020-10-14 05:28:25",1
200,14,NULL,56,2020-10-15,23359.39,NULL,NULL,NULL,NULL,1,0,"2020-10-14 21:45:06",56,"2020-10-14 21:45:06",1
201,19,NULL,56,2020-10-15,27822.20,NULL,NULL,NULL,NULL,1,0,"2020-10-14 21:45:21",56,"2020-10-14 21:45:36",1
202,10,NULL,56,2020-10-15,33703.01,NULL,NULL,NULL,NULL,1,0,"2020-10-14 21:45:58",56,"2020-10-14 21:45:58",1
203,15,NULL,56,2020-10-15,505111258.50,NULL,NULL,NULL,NULL,1,0,"2020-10-14 21:46:38",56,"2020-10-14 21:48:34",1
204,7,NULL,53,2020-10-15,1305780.47,NULL,NULL,NULL,NULL,1,0,"2020-10-14 22:03:59",53,"2020-10-14 22:05:01",1
205,1,NULL,55,2020-10-15,741104.84,NULL,NULL,NULL,NULL,1,0,"2020-10-14 22:15:45",55,"2020-10-14 22:16:01",1
206,2,NULL,55,2020-10-15,74537.74,NULL,NULL,NULL,NULL,1,0,"2020-10-14 22:16:27",55,"2020-10-14 22:16:27",1
207,160,NULL,56,2020-10-15,520331.00,NULL,NULL,NULL,NULL,1,0,"2020-10-14 22:34:59",56,"2020-10-14 22:34:59",1
208,6,NULL,33,2020-10-15,1024944.97,NULL,NULL,NULL,NULL,1,0,"2020-10-14 23:11:37",33,"2020-10-14 23:11:37",1
209,10,NULL,56,2020-10-16,18672.01,NULL,NULL,NULL,NULL,1,0,"2020-10-15 21:44:08",56,"2020-10-15 21:44:08",1
210,19,NULL,56,2020-10-16,26992.70,NULL,NULL,NULL,NULL,1,0,"2020-10-15 21:44:30",56,"2020-10-15 21:44:46",1
211,14,NULL,56,2020-10-16,23359.39,NULL,NULL,NULL,NULL,1,0,"2020-10-15 21:45:04",56,"2020-10-15 21:45:04",1
212,15,NULL,56,2020-10-16,495378433.52,NULL,NULL,NULL,NULL,1,0,"2020-10-15 21:45:31",56,"2020-10-15 23:19:17",1
213,160,NULL,56,2020-10-16,644283.00,NULL,NULL,NULL,NULL,1,0,"2020-10-15 21:46:45",56,"2020-10-15 23:18:14",1
214,7,NULL,53,2020-10-16,1305780.46,NULL,NULL,NULL,NULL,1,0,"2020-10-15 22:11:30",53,"2020-10-15 22:12:01",1
215,2,NULL,55,2020-10-16,74537.74,NULL,NULL,NULL,NULL,1,0,"2020-10-15 22:17:27",55,"2020-10-15 22:17:27",1
216,1,NULL,55,2020-10-16,10458954.44,NULL,NULL,NULL,NULL,1,0,"2020-10-15 22:17:44",55,"2020-10-15 22:18:15",1
217,6,NULL,33,2020-10-16,557471.35,NULL,NULL,NULL,NULL,1,0,"2020-10-15 22:36:34",33,"2020-10-15 22:36:34",1
219,10,NULL,56,2020-10-19,17641.01,NULL,NULL,NULL,NULL,1,0,"2020-10-18 21:49:03",56,"2020-10-18 21:49:03",1
220,160,NULL,56,2020-10-19,644283.00,NULL,NULL,NULL,NULL,1,0,"2020-10-18 21:49:33",56,"2020-10-18 21:49:33",1
221,19,NULL,56,2020-10-19,26992.70,NULL,NULL,NULL,NULL,1,0,"2020-10-18 21:49:51",56,"2020-10-18 21:50:08",1
222,14,NULL,56,2020-10-19,9281.39,NULL,NULL,NULL,NULL,1,0,"2020-10-18 21:50:29",56,"2020-10-18 21:50:29",1
223,7,NULL,53,2020-10-19,1120957.46,NULL,NULL,NULL,NULL,1,0,"2020-10-18 22:04:42",53,"2020-10-18 22:05:44",53
224,1,NULL,55,2020-10-19,10263033.44,NULL,NULL,NULL,NULL,1,0,"2020-10-18 22:24:31",55,"2020-10-18 22:25:19",1
225,2,NULL,55,2020-10-19,74537.74,NULL,NULL,NULL,NULL,1,0,"2020-10-18 22:25:40",55,"2020-10-18 22:25:40",1
226,6,NULL,33,2020-10-19,843447.59,NULL,NULL,NULL,NULL,1,0,"2020-10-19 03:23:45",33,"2020-10-19 03:23:45",1
227,6,NULL,33,2020-10-23,1319148.93,NULL,NULL,NULL,NULL,1,0,"2020-10-19 04:31:02",33,"2020-10-23 01:38:24",33
228,14,NULL,56,2020-10-20,9281.39,NULL,NULL,NULL,NULL,1,0,"2020-10-19 21:47:06",56,"2020-10-19 21:47:06",1
229,19,NULL,56,2020-10-20,26992.70,NULL,NULL,NULL,NULL,1,0,"2020-10-19 21:47:18",56,"2020-10-19 21:47:37",1
230,160,NULL,56,2020-10-20,644283.00,NULL,NULL,NULL,NULL,1,0,"2020-10-19 21:48:00",56,"2020-10-19 21:48:00",1
231,10,NULL,56,2020-10-20,17641.01,NULL,NULL,NULL,NULL,1,0,"2020-10-19 21:48:16",56,"2020-10-19 21:48:16",1
232,15,NULL,56,2020-10-20,494953332.73,NULL,NULL,NULL,NULL,1,0,"2020-10-19 21:49:29",56,"2020-10-19 21:50:09",1
233,7,NULL,53,2020-10-20,1073110.46,NULL,NULL,NULL,NULL,1,0,"2020-10-19 22:00:28",53,"2020-10-19 22:01:19",53
234,6,NULL,33,2020-10-20,9233863.04,NULL,NULL,NULL,NULL,1,0,"2020-10-19 22:15:04",33,"2020-10-20 06:52:27",1
235,2,NULL,55,2020-10-20,61306.74,NULL,NULL,NULL,NULL,1,0,"2020-10-19 22:16:06",55,"2020-10-19 22:16:06",1
236,1,NULL,55,2020-10-20,10263033.44,NULL,NULL,NULL,NULL,1,0,"2020-10-19 22:16:22",55,"2020-10-19 22:16:50",1
237,15,NULL,56,2020-10-21,494803917.73,NULL,NULL,NULL,NULL,1,0,"2020-10-20 21:54:49",56,"2020-10-20 21:55:37",1
238,10,NULL,56,2020-10-21,17641.01,NULL,NULL,NULL,NULL,1,0,"2020-10-20 21:56:00",56,"2020-10-20 21:56:00",1
239,160,NULL,56,2020-10-21,444282.00,NULL,NULL,NULL,NULL,1,0,"2020-10-20 21:56:24",56,"2020-10-20 21:56:24",1
240,19,NULL,56,2020-10-21,26992.70,NULL,NULL,NULL,NULL,1,0,"2020-10-20 21:56:38",56,"2020-10-20 21:56:52",1
241,14,NULL,56,2020-10-21,9281.39,NULL,NULL,NULL,NULL,1,0,"2020-10-20 21:57:10",56,"2020-10-20 21:57:10",1
242,1,NULL,55,2020-10-21,2784505.03,NULL,NULL,NULL,NULL,1,0,"2020-10-20 22:14:14",55,"2020-10-20 22:14:34",1
243,2,NULL,55,2020-10-21,61306.74,NULL,NULL,NULL,NULL,1,0,"2020-10-20 22:14:54",55,"2020-10-20 22:14:54",1
244,7,NULL,53,2020-10-21,1131406.80,NULL,NULL,NULL,NULL,1,0,"2020-10-20 22:26:09",53,"2020-10-20 22:30:56",1
245,6,NULL,33,2020-10-21,1140879.11,NULL,NULL,NULL,NULL,1,0,"2020-10-20 23:17:46",33,"2020-10-21 00:03:28",1
246,14,NULL,56,2020-10-22,9281.39,NULL,NULL,NULL,NULL,1,0,"2020-10-21 21:40:02",56,"2020-10-21 21:40:02",1
247,19,NULL,56,2020-10-22,25999.70,NULL,NULL,NULL,NULL,1,0,"2020-10-21 21:40:14",56,"2020-10-21 21:40:36",1
248,160,NULL,56,2020-10-22,506793.00,NULL,NULL,NULL,NULL,1,0,"2020-10-21 21:41:15",56,"2020-10-22 01:20:32",1
249,10,NULL,56,2020-10-22,17641.01,NULL,NULL,NULL,NULL,1,0,"2020-10-21 21:41:33",56,"2020-10-21 21:41:33",1
250,15,NULL,56,2020-10-22,488186285.73,NULL,NULL,NULL,NULL,1,0,"2020-10-21 21:42:13",56,"2020-10-22 01:20:17",1
251,7,NULL,53,2020-10-22,1131406.80,NULL,NULL,NULL,NULL,1,0,"2020-10-21 22:06:38",53,"2020-10-21 22:07:04",1
252,2,NULL,55,2020-10-22,61306.74,NULL,NULL,NULL,NULL,1,0,"2020-10-21 22:11:46",55,"2020-10-21 22:11:46",1
253,1,NULL,55,2020-10-22,2771605.03,NULL,NULL,NULL,NULL,1,0,"2020-10-21 22:12:09",55,"2020-10-21 22:12:30",1
254,6,NULL,33,2020-10-22,1160945.11,NULL,NULL,NULL,NULL,1,0,"2020-10-21 22:58:27",33,"2020-10-21 22:58:27",1
255,15,NULL,56,2020-10-23,488087168.28,NULL,NULL,NULL,NULL,1,0,"2020-10-22 21:38:20",56,"2020-10-22 21:39:48",1
256,10,NULL,56,2020-10-23,1234421.00,NULL,NULL,NULL,NULL,1,0,"2020-10-22 21:40:09",56,"2020-10-23 00:34:56",1
257,160,NULL,56,2020-10-23,506793.00,NULL,NULL,NULL,NULL,1,0,"2020-10-22 21:40:29",56,"2020-10-22 21:40:29",1
258,19,NULL,56,2020-10-23,16314.49,NULL,NULL,NULL,NULL,1,0,"2020-10-22 21:40:43",56,"2020-10-22 21:40:58",1
259,14,NULL,56,2020-10-23,9281.39,NULL,NULL,NULL,NULL,1,0,"2020-10-22 21:41:17",56,"2020-10-22 21:41:17",1
260,7,NULL,53,2020-10-23,1111375.80,NULL,NULL,NULL,NULL,1,0,"2020-10-22 21:55:28",53,"2020-10-22 21:56:01",1
261,1,NULL,55,2020-10-23,2104326.03,NULL,NULL,NULL,NULL,1,0,"2020-10-22 22:09:05",55,"2020-10-22 22:09:20",1
262,2,NULL,55,2020-10-23,59275.74,NULL,NULL,NULL,NULL,1,0,"2020-10-22 22:09:39",55,"2020-10-22 22:09:39",1
263,10,NULL,56,2020-10-26,197719.01,NULL,NULL,NULL,NULL,1,0,"2020-10-25 21:41:06",56,"2020-10-25 21:41:06",1
264,19,NULL,56,2020-10-26,15504.40,NULL,NULL,NULL,NULL,1,0,"2020-10-25 21:41:22",56,"2020-10-25 21:41:39",1
265,14,NULL,56,2020-10-26,19716.39,NULL,NULL,NULL,NULL,1,0,"2020-10-25 21:42:01",56,"2020-10-25 21:42:01",1
266,15,NULL,56,2020-10-26,488574197.73,NULL,NULL,NULL,NULL,1,0,"2020-10-25 21:43:12",56,"2020-10-25 23:25:59",1
267,160,NULL,56,2020-10-26,774392.00,NULL,NULL,NULL,NULL,1,0,"2020-10-25 21:46:08",56,"2020-10-25 23:24:47",1
268,7,NULL,53,2020-10-26,220620.33,NULL,NULL,NULL,NULL,1,0,"2020-10-25 22:10:10",53,"2020-10-25 22:10:31",1
269,2,NULL,55,2020-10-26,902729.96,NULL,NULL,NULL,NULL,1,0,"2020-10-25 22:28:54",55,"2020-10-25 22:28:54",1
270,1,NULL,55,2020-10-26,881272.03,NULL,NULL,NULL,NULL,1,0,"2020-10-25 22:29:07",55,"2020-10-25 22:29:28",1
271,6,NULL,33,2020-10-26,764082.07,NULL,NULL,NULL,NULL,1,0,"2020-10-25 22:36:33",33,"2020-10-25 22:36:33",1
272,160,NULL,56,2020-10-27,774392.00,NULL,NULL,NULL,NULL,1,0,"2020-10-26 21:35:55",56,"2020-10-26 21:35:55",1
273,15,NULL,56,2020-10-27,488842993.33,NULL,NULL,NULL,NULL,1,0,"2020-10-26 21:36:23",56,"2020-10-26 21:37:02",1
274,10,NULL,56,2020-10-27,197719.01,NULL,NULL,NULL,NULL,1,0,"2020-10-26 21:37:23",56,"2020-10-26 21:37:23",1
275,19,NULL,56,2020-10-27,12984.40,NULL,NULL,NULL,NULL,1,0,"2020-10-26 21:37:40",56,"2020-10-26 21:38:01",1
276,14,NULL,56,2020-10-27,19110.99,NULL,NULL,NULL,NULL,1,0,"2020-10-26 21:38:20",56,"2020-10-26 21:38:20",1
277,7,NULL,53,2020-10-27,1323419.50,NULL,NULL,NULL,NULL,1,0,"2020-10-26 22:12:22",53,"2020-10-28 22:06:38",53
278,1,NULL,55,2020-10-27,4093554.23,NULL,NULL,NULL,NULL,1,0,"2020-10-26 22:21:17",55,"2020-10-26 22:22:11",1
279,2,NULL,55,2020-10-27,935767.96,NULL,NULL,NULL,NULL,1,0,"2020-10-26 22:23:17",55,"2020-10-26 22:23:17",1
280,6,NULL,33,2020-10-27,351973.86,NULL,NULL,NULL,NULL,1,0,"2020-10-26 22:27:03",33,"2020-10-26 22:27:03",1
281,2,NULL,55,2020-10-28,624584.40,NULL,NULL,NULL,NULL,1,0,"2020-10-27 22:13:05",55,"2020-10-27 22:13:05",1
282,1,NULL,55,2020-10-28,1741955.34,NULL,NULL,NULL,NULL,1,0,"2020-10-27 22:13:18",55,"2020-10-27 22:14:04",1
283,7,NULL,53,2020-10-28,562375.51,NULL,NULL,NULL,NULL,1,0,"2020-10-27 22:15:19",53,"2020-10-27 22:16:04",53
284,14,NULL,56,2020-10-28,19110.99,NULL,NULL,NULL,NULL,1,0,"2020-10-27 22:22:47",56,"2020-10-27 22:22:47",1
285,19,NULL,56,2020-10-28,12984.40,NULL,NULL,NULL,NULL,1,0,"2020-10-27 22:23:01",56,"2020-10-27 22:23:14",1
286,10,NULL,56,2020-10-28,101688.01,NULL,NULL,NULL,NULL,1,0,"2020-10-27 22:23:32",56,"2020-10-27 22:23:32",1
287,6,NULL,33,2020-10-28,670834.76,NULL,NULL,NULL,NULL,1,0,"2020-10-27 22:24:00",33,"2020-10-28 01:18:50",1
288,15,NULL,56,2020-10-28,485174026.35,NULL,NULL,NULL,NULL,1,0,"2020-10-27 22:24:07",56,"2020-10-27 22:34:44",1
289,160,NULL,56,2020-10-28,774393.00,NULL,NULL,NULL,NULL,1,0,"2020-10-27 22:35:16",56,"2020-10-27 22:35:16",1
290,160,NULL,56,2020-10-29,774393.00,NULL,NULL,NULL,NULL,1,0,"2020-10-28 21:45:28",56,"2020-10-28 21:45:28",1
291,10,NULL,56,2020-10-29,101688.01,NULL,NULL,NULL,NULL,1,0,"2020-10-28 21:45:43",56,"2020-10-28 21:45:43",1
292,14,NULL,56,2020-10-29,19110.99,NULL,NULL,NULL,NULL,1,0,"2020-10-28 21:46:00",56,"2020-10-28 21:46:00",1
293,19,NULL,56,2020-10-29,12984.40,NULL,NULL,NULL,NULL,1,0,"2020-10-28 21:46:17",56,"2020-10-28 21:46:32",1
294,15,NULL,56,2020-10-29,484752669.23,NULL,NULL,NULL,NULL,1,0,"2020-10-28 21:47:35",56,"2020-10-28 21:48:32",1
295,7,NULL,53,2020-10-29,556344.51,NULL,NULL,NULL,NULL,1,0,"2020-10-28 22:08:59",53,"2020-10-28 22:09:31",1
296,6,NULL,33,2020-10-29,881543.76,NULL,NULL,NULL,NULL,1,0,"2020-10-28 22:10:00",33,"2020-10-29 03:02:06",1
297,1,NULL,55,2020-10-29,1741955.34,NULL,NULL,NULL,NULL,1,0,"2020-10-28 22:18:38",55,"2020-10-28 22:19:36",1
298,2,NULL,55,2020-10-29,624584.40,NULL,NULL,NULL,NULL,1,0,"2020-10-28 22:19:20",55,"2020-10-28 22:19:20",1
299,14,NULL,56,2020-10-30,19110.99,NULL,NULL,NULL,NULL,1,0,"2020-10-29 21:56:38",56,"2020-10-29 21:56:38",1
300,19,NULL,56,2020-10-30,12922.40,NULL,NULL,NULL,NULL,1,0,"2020-10-29 21:56:51",56,"2020-10-29 21:57:09",1
301,10,NULL,56,2020-10-30,51688.01,NULL,NULL,NULL,NULL,1,0,"2020-10-29 21:57:28",56,"2020-10-29 21:57:28",1
302,15,NULL,56,2020-10-30,484752669.23,NULL,NULL,NULL,NULL,1,0,"2020-10-29 21:58:04",56,"2020-10-29 22:04:37",1
303,7,NULL,53,2020-10-30,156344.51,NULL,NULL,NULL,NULL,1,0,"2020-10-29 22:07:06",53,"2020-10-29 22:08:23",53
304,2,NULL,55,2020-10-30,606953.40,NULL,NULL,NULL,NULL,1,0,"2020-10-29 22:10:59",55,"2020-10-29 22:10:59",1
305,1,NULL,55,2020-10-30,516756.34,NULL,NULL,NULL,NULL,1,0,"2020-10-29 22:11:10",55,"2020-10-29 22:11:25",1
306,6,NULL,33,2020-10-30,229483.97,NULL,NULL,NULL,NULL,1,0,"2020-10-30 01:05:25",33,"2020-10-30 01:05:25",1
307,14,NULL,56,2020-11-02,17610.99,NULL,NULL,NULL,NULL,1,0,"2020-11-01 21:46:50",56,"2020-11-01 21:46:50",1
308,19,NULL,56,2020-11-02,10542.40,NULL,NULL,NULL,NULL,1,0,"2020-11-01 21:47:03",56,"2020-11-01 21:47:24",1
309,10,NULL,56,2020-11-02,44188.01,NULL,NULL,NULL,NULL,1,0,"2020-11-01 21:47:43",56,"2020-11-01 21:47:43",1
310,15,NULL,56,2020-11-02,483966000.82,NULL,NULL,NULL,NULL,1,0,"2020-11-01 21:48:59",56,"2020-11-01 21:59:16",1
311,1,NULL,55,2020-11-02,266557.34,NULL,NULL,NULL,NULL,1,0,"2020-11-01 22:16:31",55,"2020-11-01 22:16:47",1
312,2,NULL,55,2020-11-02,391436.08,NULL,NULL,NULL,NULL,1,0,"2020-11-01 22:17:03",55,"2020-11-01 22:17:03",1
313,7,NULL,53,2020-11-02,515284.51,NULL,NULL,NULL,NULL,1,0,"2020-11-01 22:18:01",53,"2020-11-01 22:18:53",1
314,6,NULL,33,2020-11-02,288870.09,NULL,NULL,NULL,NULL,1,0,"2020-11-01 22:22:46",33,"2020-11-01 22:22:46",1
315,6,NULL,33,2020-11-10,321779.70,NULL,NULL,NULL,NULL,1,0,"2020-11-02 01:11:16",33,"2020-11-10 06:16:56",33
316,15,NULL,56,2020-11-03,473142107.17,NULL,NULL,NULL,NULL,1,0,"2020-11-02 21:53:10",56,"2020-11-02 21:54:09",1
317,10,NULL,56,2020-11-03,44188.01,NULL,NULL,NULL,NULL,1,0,"2020-11-02 21:54:25",56,"2020-11-02 21:54:25",1
318,19,NULL,56,2020-11-03,10542.40,NULL,NULL,NULL,NULL,1,0,"2020-11-02 21:54:36",56,"2020-11-02 21:54:52",1
319,14,NULL,56,2020-11-03,5066.51,NULL,NULL,NULL,NULL,1,0,"2020-11-02 21:55:11",56,"2020-11-02 21:55:11",1
320,7,NULL,53,2020-11-03,442843.51,NULL,NULL,NULL,NULL,1,0,"2020-11-02 22:09:00",53,"2020-11-02 22:09:52",1
321,2,NULL,55,2020-11-03,427465.08,NULL,NULL,NULL,NULL,1,0,"2020-11-02 22:16:00",55,"2020-11-02 22:16:00",1
322,1,NULL,55,2020-11-03,9259774.94,NULL,NULL,NULL,NULL,1,0,"2020-11-02 22:16:34",55,"2020-11-02 22:17:09",1
323,6,NULL,33,2020-11-03,133844.30,NULL,NULL,NULL,NULL,1,0,"2020-11-02 22:30:14",33,"2020-11-03 04:41:40",1
324,160,NULL,56,2020-11-03,1274363.00,NULL,NULL,NULL,NULL,1,0,"2020-11-03 00:45:29",56,"2020-11-03 00:45:29",1
325,7,NULL,53,2020-11-05,442781.51,NULL,NULL,NULL,NULL,1,0,"2020-11-04 22:11:49",53,"2020-11-04 22:12:18",1
326,160,NULL,56,2020-11-05,1174363.00,NULL,NULL,NULL,NULL,1,0,"2020-11-04 22:17:23",56,"2020-11-04 22:17:23",1
327,10,NULL,56,2020-11-05,4188.01,NULL,NULL,NULL,NULL,1,0,"2020-11-04 22:17:40",56,"2020-11-04 22:17:40",1
328,15,NULL,56,2020-11-05,467316923.55,NULL,NULL,NULL,NULL,1,0,"2020-11-04 22:17:57",56,"2020-11-04 22:20:02",1
329,1,NULL,55,2020-11-05,8203136.94,NULL,NULL,NULL,NULL,1,0,"2020-11-04 22:18:04",55,"2020-11-04 22:18:25",1
330,2,NULL,55,2020-11-05,424434.08,NULL,NULL,NULL,NULL,1,0,"2020-11-04 22:18:47",55,"2020-11-04 22:18:47",1
331,19,NULL,56,2020-11-05,536.77,NULL,NULL,NULL,NULL,1,0,"2020-11-04 22:19:29",56,"2020-11-04 22:19:29",1
332,14,NULL,56,2020-11-05,5066.51,NULL,NULL,NULL,NULL,1,0,"2020-11-04 22:20:19",56,"2020-11-04 22:20:19",1
333,6,NULL,33,2020-11-05,127889.07,NULL,NULL,NULL,NULL,1,0,"2020-11-04 22:23:38",33,"2020-11-04 22:23:38",1
334,14,NULL,56,2020-11-06,3327.01,NULL,NULL,NULL,NULL,1,0,"2020-11-05 22:07:15",56,"2020-11-05 22:07:15",1
335,7,NULL,53,2020-11-06,334911.51,NULL,NULL,NULL,NULL,1,0,"2020-11-05 22:07:28",53,"2020-11-05 22:07:59",1
336,19,NULL,56,2020-11-06,7306.63,NULL,NULL,NULL,NULL,1,0,"2020-11-05 22:07:40",56,"2020-11-05 22:07:58",1
337,10,NULL,56,2020-11-06,604188.01,NULL,NULL,NULL,NULL,1,0,"2020-11-05 22:08:16",56,"2020-11-05 22:08:16",1
338,15,NULL,56,2020-11-06,467315526.55,NULL,NULL,NULL,NULL,1,0,"2020-11-05 22:08:39",56,"2020-11-05 22:09:29",1
339,2,NULL,55,2020-11-06,388434.08,NULL,NULL,NULL,NULL,1,0,"2020-11-05 22:12:05",55,"2020-11-05 22:12:05",1
340,1,NULL,55,2020-11-06,7016086.61,NULL,NULL,NULL,NULL,1,0,"2020-11-05 22:12:16",55,"2020-11-05 22:12:38",1
341,6,NULL,33,2020-11-06,2723986.07,NULL,NULL,NULL,NULL,1,0,"2020-11-05 22:29:31",33,"2020-11-06 04:14:02",1
342,15,NULL,56,2020-11-09,460312752.08,NULL,NULL,NULL,NULL,1,0,"2020-11-08 21:58:06",56,"2020-11-09 03:05:23",1
343,14,NULL,56,2020-11-09,3327.01,NULL,NULL,NULL,NULL,1,0,"2020-11-08 21:59:13",56,"2020-11-08 21:59:13",1
344,19,NULL,56,2020-11-09,8310.75,NULL,NULL,NULL,NULL,1,0,"2020-11-08 21:59:44",56,"2020-11-08 22:00:01",1
345,10,NULL,56,2020-11-09,674549.01,NULL,NULL,NULL,NULL,1,0,"2020-11-08 22:00:24",56,"2020-11-09 03:29:28",1
346,7,NULL,53,2020-11-09,453975.51,NULL,NULL,NULL,NULL,1,0,"2020-11-08 22:11:08",53,"2020-11-08 22:11:34",1
347,1,NULL,55,2020-11-09,4039329.61,NULL,NULL,NULL,NULL,1,0,"2020-11-08 22:26:43",55,"2020-11-08 22:26:57",1
348,2,NULL,55,2020-11-09,388434.08,NULL,NULL,NULL,NULL,1,0,"2020-11-08 22:27:15",55,"2020-11-08 22:27:15",1
349,6,NULL,33,2020-11-09,5031345.96,NULL,NULL,NULL,NULL,1,0,"2020-11-08 23:54:21",33,"2020-11-09 03:38:38",1
350,160,NULL,56,2020-11-09,327430.00,NULL,NULL,NULL,NULL,1,0,"2020-11-09 03:06:11",56,"2020-11-09 03:06:11",1
351,160,NULL,56,2020-11-10,327430.00,NULL,NULL,NULL,NULL,1,0,"2020-11-09 22:06:34",56,"2020-11-09 22:06:34",1
352,10,NULL,56,2020-11-10,674268.01,NULL,NULL,NULL,NULL,1,0,"2020-11-09 22:06:53",56,"2020-11-09 22:06:53",1
353,19,NULL,56,2020-11-10,8310.75,NULL,NULL,NULL,NULL,1,0,"2020-11-09 22:07:41",56,"2020-11-09 22:08:33",1
354,14,NULL,56,2020-11-10,3327.01,NULL,NULL,NULL,NULL,1,0,"2020-11-09 22:09:12",56,"2020-11-09 22:09:12",1
355,7,NULL,53,2020-11-10,495149.52,NULL,NULL,NULL,NULL,1,0,"2020-11-09 22:09:50",53,"2020-11-09 22:10:21",1
356,15,NULL,56,2020-11-10,460708345.08,NULL,NULL,NULL,NULL,1,0,"2020-11-09 22:09:54",56,"2020-11-09 22:11:14",1
357,2,NULL,55,2020-11-10,388434.08,NULL,NULL,NULL,NULL,1,0,"2020-11-09 22:11:24",55,"2020-11-09 22:11:24",1
358,1,NULL,55,2020-11-10,3949186.04,NULL,NULL,NULL,NULL,1,0,"2020-11-09 22:11:37",55,"2020-11-09 22:11:54",1
359,15,NULL,56,2020-11-11,459465994.88,NULL,NULL,NULL,NULL,1,0,"2020-11-10 22:02:45",56,"2020-11-10 23:17:19",1
360,10,NULL,56,2020-11-11,674268.01,NULL,NULL,NULL,NULL,1,0,"2020-11-10 22:05:06",56,"2020-11-10 22:05:06",1
361,19,NULL,56,2020-11-11,15086.13,NULL,NULL,NULL,NULL,1,0,"2020-11-10 22:05:47",56,"2020-11-10 22:06:06",1
362,14,NULL,56,2020-11-11,59554.96,NULL,NULL,NULL,NULL,1,0,"2020-11-10 22:06:23",56,"2020-11-10 22:06:23",1
363,1,NULL,55,2020-11-11,3601911.57,NULL,NULL,NULL,NULL,1,0,"2020-11-10 22:09:42",55,"2020-11-10 22:09:55",1
364,2,NULL,55,2020-11-11,221946.49,NULL,NULL,NULL,NULL,1,0,"2020-11-10 22:10:16",55,"2020-11-10 22:10:16",1
365,7,NULL,53,2020-11-11,20064.83,NULL,NULL,NULL,NULL,1,0,"2020-11-10 22:17:12",53,"2020-11-10 22:17:41",1
366,160,NULL,56,2020-11-11,327033.00,NULL,NULL,NULL,NULL,1,0,"2020-11-10 23:18:22",56,"2020-11-10 23:18:22",1
367,6,NULL,33,2020-11-11,25786.51,NULL,NULL,NULL,NULL,1,0,"2020-11-10 23:21:06",33,"2020-11-10 23:21:06",1
368,160,NULL,56,2020-11-12,327033.00,NULL,NULL,NULL,NULL,1,0,"2020-11-11 21:55:57",56,"2020-11-11 21:55:57",1
369,14,NULL,56,2020-11-12,6087.96,NULL,NULL,NULL,NULL,1,0,"2020-11-11 21:56:31",56,"2020-11-11 21:56:31",1
370,19,NULL,56,2020-11-12,15086.13,NULL,NULL,NULL,NULL,1,0,"2020-11-11 21:57:20",56,"2020-11-11 21:57:35",1
371,10,NULL,56,2020-11-12,764708.01,NULL,NULL,NULL,NULL,1,0,"2020-11-11 21:57:54",56,"2020-11-11 21:57:54",1
372,15,NULL,56,2020-11-12,459303531.38,NULL,NULL,NULL,NULL,1,0,"2020-11-11 21:58:29",56,"2020-11-11 21:59:49",1
373,7,NULL,53,2020-11-12,19302.83,NULL,NULL,NULL,NULL,1,0,"2020-11-11 22:11:23",53,"2020-11-11 22:11:44",1
374,2,NULL,55,2020-11-12,221946.49,NULL,NULL,NULL,NULL,1,0,"2020-11-11 22:12:44",55,"2020-11-11 22:12:44",1
375,1,NULL,55,2020-11-12,2364939.57,NULL,NULL,NULL,NULL,1,0,"2020-11-11 22:12:58",55,"2020-11-11 22:13:33",1
376,6,NULL,33,2020-11-12,25786.51,NULL,NULL,NULL,NULL,1,0,"2020-11-11 23:00:57",33,"2020-11-11 23:00:57",1
377,15,NULL,56,2020-11-13,461358412.88,NULL,NULL,NULL,NULL,1,0,"2020-11-12 21:52:11",56,"2020-11-12 21:53:46",1
378,160,NULL,56,2020-11-13,227033.00,NULL,NULL,NULL,NULL,1,0,"2020-11-12 21:54:11",56,"2020-11-12 21:54:11",1
379,10,NULL,56,2020-11-13,623367.32,NULL,NULL,NULL,NULL,1,0,"2020-11-12 21:54:29",56,"2020-11-12 21:54:29",1
380,19,NULL,56,2020-11-13,14755.14,NULL,NULL,NULL,NULL,1,0,"2020-11-12 21:54:58",56,"2020-11-12 21:55:12",1
381,14,NULL,56,2020-11-13,6087.96,NULL,NULL,NULL,NULL,1,0,"2020-11-12 21:55:30",56,"2020-11-12 21:55:30",1
382,1,NULL,55,2020-11-13,2151551.57,NULL,NULL,NULL,NULL,1,0,"2020-11-12 22:09:15",55,"2020-11-12 22:09:29",1
383,2,NULL,55,2020-11-13,185814.49,NULL,NULL,NULL,NULL,1,0,"2020-11-12 22:09:46",55,"2020-11-12 22:09:46",1
384,7,NULL,53,2020-11-13,219302.83,NULL,NULL,NULL,NULL,1,0,"2020-11-12 22:10:56",53,"2020-11-12 22:11:19",1
385,6,NULL,33,2020-11-13,25786.51,NULL,NULL,NULL,NULL,1,0,"2020-11-13 01:33:43",33,"2020-11-13 01:33:43",1
386,19,NULL,56,2020-11-16,14755.14,NULL,NULL,NULL,NULL,1,0,"2020-11-15 21:41:41",56,"2020-11-15 21:41:55",1
387,14,NULL,56,2020-11-16,6087.96,NULL,NULL,NULL,NULL,1,0,"2020-11-15 21:42:12",56,"2020-11-15 21:42:12",1
388,10,NULL,56,2020-11-16,223367.32,NULL,NULL,NULL,NULL,1,0,"2020-11-15 21:42:33",56,"2020-11-15 21:42:33",1
389,7,NULL,53,2020-11-16,9240.83,NULL,NULL,NULL,NULL,1,0,"2020-11-15 22:10:28",53,"2020-11-15 22:12:18",1
390,2,NULL,55,2020-11-16,185814.49,NULL,NULL,NULL,NULL,1,0,"2020-11-15 22:11:17",55,"2020-11-15 22:11:17",1
391,1,NULL,55,2020-11-16,29703476.47,NULL,NULL,NULL,NULL,1,0,"2020-11-15 22:11:28",55,"2020-11-15 22:11:46",1
392,6,NULL,33,2020-11-16,2982046.49,NULL,NULL,NULL,NULL,1,0,"2020-11-15 22:12:04",33,"2020-11-16 01:43:47",1
393,160,NULL,56,2020-11-16,377361.00,NULL,NULL,NULL,NULL,1,0,"2020-11-15 23:01:25",56,"2020-11-15 23:01:25",1
394,15,NULL,56,2020-11-16,419191249.98,NULL,NULL,NULL,NULL,1,0,"2020-11-15 23:01:48",56,"2020-11-15 23:03:19",1
395,15,NULL,56,2020-11-17,419164529.07,NULL,NULL,NULL,NULL,1,0,"2020-11-16 22:02:14",56,"2020-11-16 22:03:49",1
396,10,NULL,56,2020-11-17,22336.32,NULL,NULL,NULL,NULL,1,0,"2020-11-16 22:04:22",56,"2020-11-16 22:04:22",1
397,160,NULL,56,2020-11-17,377361.00,NULL,NULL,NULL,NULL,1,0,"2020-11-16 22:04:42",56,"2020-11-16 22:04:42",1
398,19,NULL,56,2020-11-17,14755.14,NULL,NULL,NULL,NULL,1,0,"2020-11-16 22:05:00",56,"2020-11-16 22:05:30",1
399,14,NULL,56,2020-11-17,6087.96,NULL,NULL,NULL,NULL,1,0,"2020-11-16 22:05:47",56,"2020-11-16 22:05:47",1
400,1,NULL,55,2020-11-17,24449974.68,NULL,NULL,NULL,NULL,1,0,"2020-11-16 22:08:56",55,"2020-11-16 22:09:21",1
401,2,NULL,55,2020-11-17,185814.49,NULL,NULL,NULL,NULL,1,0,"2020-11-16 22:09:42",55,"2020-11-16 22:09:42",1
402,7,NULL,53,2020-11-17,4979231.75,NULL,NULL,NULL,NULL,1,0,"2020-11-16 22:11:22",53,"2020-11-16 22:11:44",1
403,6,NULL,33,2020-11-17,70765.39,NULL,NULL,NULL,NULL,1,0,"2020-11-16 22:41:36",33,"2020-11-16 22:41:36",1
404,6,NULL,33,2020-11-25,265683.22,NULL,NULL,NULL,NULL,1,0,"2020-11-17 05:26:04",33,"2020-11-24 22:17:26",33
405,14,NULL,56,2020-11-18,6087.96,NULL,NULL,NULL,NULL,1,0,"2020-11-17 21:49:05",56,"2020-11-17 21:49:05",1
406,19,NULL,56,2020-11-18,14424.14,NULL,NULL,NULL,NULL,1,0,"2020-11-17 21:49:20",56,"2020-11-17 21:49:32",1
407,160,NULL,56,2020-11-18,107361.00,NULL,NULL,NULL,NULL,1,0,"2020-11-17 21:50:11",56,"2020-11-17 21:50:11",1
408,10,NULL,56,2020-11-18,192336.32,NULL,NULL,NULL,NULL,1,0,"2020-11-17 21:50:44",56,"2020-11-17 21:50:44",1
409,15,NULL,56,2020-11-18,419090058.07,NULL,NULL,NULL,NULL,1,0,"2020-11-17 21:54:58",56,"2020-11-17 21:56:37",1
410,7,NULL,53,2020-11-18,9200.75,NULL,NULL,NULL,NULL,1,0,"2020-11-17 22:08:51",53,"2020-11-17 22:11:16",1
411,2,NULL,55,2020-11-18,185814.49,NULL,NULL,NULL,NULL,1,0,"2020-11-17 22:15:20",55,"2020-11-17 22:15:20",1
412,1,NULL,55,2020-11-18,20620817.68,NULL,NULL,NULL,NULL,1,0,"2020-11-17 22:15:30",55,"2020-11-17 22:17:05",1
413,6,NULL,33,2020-11-18,190765.39,NULL,NULL,NULL,NULL,1,0,"2020-11-17 22:18:55",33,"2020-11-18 06:36:10",1
414,1,NULL,55,2020-11-20,20350419.68,NULL,NULL,NULL,NULL,1,0,"2020-11-19 21:35:31",55,"2020-11-19 21:36:01",1
415,2,NULL,55,2020-11-20,185814.49,NULL,NULL,NULL,NULL,1,0,"2020-11-19 21:36:21",55,"2020-11-19 21:36:21",1
416,15,NULL,56,2020-11-20,418897592.07,NULL,NULL,NULL,NULL,1,0,"2020-11-19 21:44:25",56,"2020-11-19 21:46:18",1
417,10,NULL,56,2020-11-20,192336.32,NULL,NULL,NULL,NULL,1,0,"2020-11-19 21:46:43",56,"2020-11-19 21:46:43",1
418,160,NULL,56,2020-11-20,165442.00,NULL,NULL,NULL,NULL,1,0,"2020-11-19 21:47:03",56,"2020-11-19 21:47:03",1
419,19,NULL,56,2020-11-20,44624.14,NULL,NULL,NULL,NULL,1,0,"2020-11-19 21:48:21",56,"2020-11-19 21:48:33",1
420,14,NULL,56,2020-11-20,6087.96,NULL,NULL,NULL,NULL,1,0,"2020-11-19 21:48:58",56,"2020-11-19 21:48:58",1
421,7,NULL,53,2020-11-20,8779.90,NULL,NULL,NULL,NULL,1,0,"2020-11-19 22:34:10",53,"2020-11-19 22:34:33",1
422,6,NULL,33,2020-11-20,12402.42,NULL,NULL,NULL,NULL,1,0,"2020-11-20 00:11:10",33,"2020-11-20 00:11:10",1
423,14,NULL,56,2020-11-23,6087.96,NULL,NULL,NULL,NULL,1,0,"2020-11-22 21:54:06",56,"2020-11-22 21:54:06",1
424,19,NULL,56,2020-11-23,44624.14,NULL,NULL,NULL,NULL,1,0,"2020-11-22 21:54:56",56,"2020-11-22 21:55:15",1
425,10,NULL,56,2020-11-23,42336.32,NULL,NULL,NULL,NULL,1,0,"2020-11-22 21:55:37",56,"2020-11-22 21:55:37",1
426,15,NULL,56,2020-11-23,418895640.07,NULL,NULL,NULL,NULL,1,0,"2020-11-22 21:57:53",56,"2020-11-22 21:59:45",1
427,2,NULL,55,2020-11-23,185814.49,NULL,NULL,NULL,NULL,1,0,"2020-11-22 22:05:28",55,"2020-11-22 22:05:28",1
428,1,NULL,55,2020-11-23,16640419.68,NULL,NULL,NULL,NULL,1,0,"2020-11-22 22:05:44",55,"2020-11-22 22:06:06",1
429,7,NULL,53,2020-11-23,39845.90,NULL,NULL,NULL,NULL,1,0,"2020-11-22 22:09:30",53,"2020-11-22 22:10:00",1
430,6,NULL,33,2020-11-23,12402.42,NULL,NULL,NULL,NULL,1,0,"2020-11-22 22:44:05",33,"2020-11-22 22:44:05",1
431,160,NULL,56,2020-11-23,165442.00,NULL,NULL,NULL,NULL,1,0,"2020-11-23 00:57:53",56,"2020-11-23 00:57:53",1
432,160,NULL,56,2020-11-24,165442.00,NULL,NULL,NULL,NULL,1,0,"2020-11-23 21:42:32",56,"2020-11-23 21:42:32",1
433,10,NULL,56,2020-11-24,42336.32,NULL,NULL,NULL,NULL,1,0,"2020-11-23 21:42:48",56,"2020-11-23 21:42:48",1
434,14,NULL,56,2020-11-24,6087.96,NULL,NULL,NULL,NULL,1,0,"2020-11-23 21:43:03",56,"2020-11-23 21:43:03",1
435,19,NULL,56,2020-11-24,44624.14,NULL,NULL,NULL,NULL,1,0,"2020-11-23 21:43:18",56,"2020-11-23 21:43:29",1
436,15,NULL,56,2020-11-24,420461797.91,NULL,NULL,NULL,NULL,1,0,"2020-11-23 21:44:00",56,"2020-11-23 21:45:35",1
437,1,NULL,55,2020-11-24,18499284.08,NULL,NULL,NULL,NULL,1,0,"2020-11-23 22:08:22",55,"2020-11-23 22:08:42",1
438,2,NULL,55,2020-11-24,185814.49,NULL,NULL,NULL,NULL,1,0,"2020-11-23 22:08:57",55,"2020-11-23 22:08:57",1
439,7,NULL,53,2020-11-24,37321.90,NULL,NULL,NULL,NULL,1,0,"2020-11-23 22:21:27",53,"2020-11-23 22:21:52",1
440,6,NULL,33,2020-11-24,1648070.55,NULL,NULL,NULL,NULL,1,0,"2020-11-23 22:49:27",33,"2020-11-24 04:27:53",1
441,15,NULL,56,2020-11-25,415053709.78,NULL,NULL,NULL,NULL,1,0,"2020-11-24 22:01:54",56,"2020-11-24 22:03:57",1
442,10,NULL,56,2020-11-25,26336.32,NULL,NULL,NULL,NULL,1,0,"2020-11-24 22:04:36",56,"2020-11-24 22:04:36",1
443,160,NULL,56,2020-11-25,164435.00,NULL,NULL,NULL,NULL,1,0,"2020-11-24 22:04:59",56,"2020-11-24 22:04:59",1
444,2,NULL,55,2020-11-25,185814.49,NULL,NULL,NULL,NULL,1,0,"2020-11-24 22:05:07",55,"2020-11-24 22:05:07",1
445,1,NULL,55,2020-11-25,17272688.08,NULL,NULL,NULL,NULL,1,0,"2020-11-24 22:05:17",55,"2020-11-24 22:05:37",1
446,19,NULL,56,2020-11-25,33151.82,NULL,NULL,NULL,NULL,1,0,"2020-11-24 22:05:20",56,"2020-11-24 22:06:20",1
447,14,NULL,56,2020-11-25,62809.52,NULL,NULL,NULL,NULL,1,0,"2020-11-24 22:07:55",56,"2020-11-24 22:07:55",1
448,7,NULL,53,2020-11-25,533491.85,NULL,NULL,NULL,NULL,1,0,"2020-11-24 22:13:12",53,"2020-11-24 22:13:38",1
