id,src_placeid,src_placename,tgt_placeid,tgt_placename,begdate,enddate,points,active,created_at,created_by,updated_at,updated_by
1,NULL,ЗОЛООТВАЛ,NULL,ПАТРОКЛ,2024-01-01,NULL,1.180,1,"2025-04-12 00:23:31",1,"2025-04-12 00:23:31",1
2,NULL,"КОНТЕЙНЕРНЫЙ ТЕРМИНАЛ",NULL,ПАТРОКЛ,2024-01-01,NULL,3.330,1,"2025-04-12 00:23:31",1,"2025-04-12 00:23:31",1
3,NULL,"КОНТЕЙНЕРНЫЙ ТЕРМИНАЛ",NULL,НЕЙБУТА,2024-01-01,NULL,1.330,1,"2025-04-12 00:23:31",1,"2025-04-12 00:23:31",1
4,NULL,"КОНТЕЙНЕРНЫЙ ТЕРМИНАЛ",NULL,БОРИСЕНКО,2024-01-01,NULL,1.330,1,"2025-04-12 00:23:31",1,"2025-04-12 00:23:31",1
5,NULL,"КОНТЕЙНЕРНЫЙ ТЕРМИНАЛ",NULL,"БАСАРГИНА ПАРКОВКА",2024-01-01,NULL,3.330,1,"2025-04-12 00:23:31",1,"2025-04-12 00:23:31",1
6,NULL,ЗОЛООТВАЛ,NULL,"БАСАРГИНА ПАРКОВКА",2024-01-01,NULL,1.180,1,"2025-04-12 00:23:31",1,"2025-04-12 00:23:31",1
7,NULL,"КОНТЕЙНЕРНЫЙ ТЕРМИНАЛ",NULL,КИЗЛЯРСКАЯ,2024-01-01,NULL,1.430,1,"2025-04-12 00:23:31",1,"2025-04-12 00:23:31",1
8,NULL,ВБЩЗ,NULL,ПАТРОКЛ,2024-01-01,NULL,1.250,1,"2025-04-12 00:23:31",1,"2025-04-12 00:23:31",1
9,NULL,"КОНТЕЙНЕРНЫЙ ТЕРМИНАЛ",NULL,ТОР,2024-01-01,NULL,1.250,1,"2025-04-12 00:23:31",1,"2025-04-12 00:23:31",1
10,NULL,"КОНТЕЙНЕРНЫЙ ТЕРМИНАЛ",NULL,БЕЖЕЦКАЯ,2024-01-01,NULL,1.430,1,"2025-04-12 00:23:31",1,"2025-04-12 00:23:31",1
11,NULL,"КОНТЕЙНЕРНЫЙ ТЕРМИНАЛ",NULL,КРЫЛОВА,2024-01-01,NULL,1.330,1,"2025-04-12 00:23:31",1,"2025-04-12 00:23:31",1
12,NULL,ЗОЛООТВАЛ,NULL,БАСАРГИНА,2024-01-01,NULL,1.180,1,"2025-04-12 00:23:31",1,"2025-04-12 00:23:31",1
13,NULL,ТОР,NULL,РУССКАЯ,2024-01-01,NULL,1.430,1,"2025-04-12 00:23:31",1,"2025-04-12 00:23:31",1
14,NULL,"КОНТЕЙНЕРНЫЙ ТЕРМИНАЛ",NULL,"РЫБНЫЙ ПОРТ",2024-01-01,NULL,1.430,1,"2025-04-12 00:23:31",1,"2025-04-12 00:23:31",1
15,NULL,"КОНТЕЙНЕРНЫЙ ТЕРМИНАЛ",NULL,БАСАРГИНА,2024-01-01,NULL,1.250,1,"2025-04-12 00:23:31",1,"2025-04-12 00:23:31",1
16,NULL,"КОНТЕЙНЕРНЫЙ ТЕРМИНАЛ",NULL,ОКТЯБРЬСКАЯ,2024-01-01,NULL,1.330,1,"2025-04-12 00:23:31",1,"2025-04-12 00:23:31",1
17,NULL,"КОНТЕЙНЕРНЫЙ ТЕРМИНАЛ",NULL,"СНЕГОВАЯ ПАДЬ",2024-01-01,NULL,1.050,1,"2025-04-12 00:23:31",1,"2025-04-12 00:23:31",1
18,NULL,"КОНТЕЙНЕРНЫЙ ТЕРМИНАЛ",NULL,БАРХАТНАЯ,2024-01-01,NULL,1.250,1,"2025-04-12 00:23:31",1,"2025-04-12 00:23:31",1
19,NULL,ТЕРМИНАЛ,NULL,ФАДЕЕВА,2024-01-01,NULL,1.180,1,"2025-04-12 00:23:31",1,"2025-04-12 00:23:31",1
20,NULL,"КОНТЕЙНЕРНЫЙ ТЕРМИНАЛ",NULL,"ПЕРВОМАЙСКИЙ ПОРТ",2024-01-01,NULL,1.430,1,"2025-04-12 00:23:31",1,"2025-04-12 00:23:31",1
21,NULL,ВБЩЗ,NULL,ВЕСЕННЯЯ,2024-01-01,NULL,1.670,1,"2025-04-12 00:23:31",1,"2025-04-12 00:23:31",1
22,NULL,"КОНТЕЙНЕРНЫЙ ТЕРМИНАЛ",NULL,ФАДЕЕВА,2024-01-01,NULL,1.180,1,"2025-04-12 00:23:31",1,"2025-04-12 00:23:31",1
23,NULL,ТЕРМИНАЛ,NULL,ПАТРОКЛ,2024-01-01,NULL,1.250,1,"2025-04-12 00:23:31",1,"2025-04-12 00:23:31",1
24,NULL,ТЕРМИНАЛ,NULL,МАКОВСКОГО,2024-01-01,NULL,1.430,1,"2025-04-12 00:23:31",1,"2025-04-12 00:23:31",1
25,NULL,"КОНТЕЙНЕРНЫЙ ТЕРМИНАЛ",NULL,МАКОВСКОГО,2024-01-01,NULL,1.430,1,"2025-04-12 00:23:31",1,"2025-04-12 00:23:31",1
26,NULL,ВБЩЗ,NULL,ВМТП,2024-01-01,NULL,1.670,1,"2025-04-12 00:23:31",1,"2025-04-12 00:23:31",1
27,NULL,"КОНТЕЙНЕРНЫЙ ТЕРМИНАЛ",NULL,СОЧИНСКАЯ,2024-01-01,NULL,1.250,1,"2025-04-12 00:23:31",1,"2025-04-12 00:23:31",1
28,NULL,ТЕРМИНАЛ,NULL,МУСОРСКОГО,2024-01-01,NULL,1.430,1,"2025-04-12 00:23:31",1,"2025-04-12 00:23:31",1
29,NULL,"КОНТЕЙНЕРНЫЙ ТЕРМИНАЛ",NULL,ЧУРКИН,2024-01-01,NULL,1.430,1,"2025-04-12 00:23:31",1,"2025-04-12 00:23:31",1
30,NULL,"КОНТЕЙНЕРНЫЙ ТЕРМИНАЛ",NULL,МУСОРСКОГО,2024-01-01,NULL,1.430,1,"2025-04-12 00:23:31",1,"2025-04-12 00:23:31",1
31,NULL,"КОНТЕЙНЕРНЫЙ ТЕРМИНАЛ",NULL,"СОЛОВЕЙ КЛЮЧ",2024-01-01,NULL,1.670,1,"2025-04-12 00:23:31",1,"2025-04-12 00:23:31",1
32,NULL,"КОНТЕЙНЕР ТЕРМИНАЛ",NULL,ВМТП,2024-01-01,NULL,1.670,1,"2025-04-12 00:23:31",1,"2025-04-12 00:23:31",1
33,NULL,ВБЩЗ,NULL,"2Я ОЧЕРЕДЬ",2024-01-01,NULL,1.670,1,"2025-04-12 00:23:31",1,"2025-04-12 00:23:31",1
34,NULL,ВБЩЗ,NULL,ПРОХЛАДНОЕ,2024-01-01,NULL,1.330,1,"2025-04-12 00:23:31",1,"2025-04-12 00:23:31",1
35,NULL,ТОР,NULL,ЛЕСНАЯ,2024-01-01,NULL,1.430,1,"2025-04-12 00:23:31",1,"2025-04-12 00:23:31",1
36,NULL,ВБЩЗ,NULL,СТАРЦЕВА,2024-01-01,NULL,1.670,1,"2025-04-12 00:23:31",1,"2025-04-12 00:23:31",1
37,NULL,"КОНТЕЙНЕРНЫЙ ТЕРМИНАЛ",NULL,ГЛАВНАЯ,2024-01-01,NULL,1.430,1,"2025-04-12 00:23:31",1,"2025-04-12 00:23:31",1
38,NULL,НОВЫЙ,NULL,ТОР,2024-01-01,NULL,1.180,1,"2025-04-12 00:23:31",1,"2025-04-12 00:23:31",1
39,NULL,"КОНТЕЙНЕРНЫЙ ТЕРМИНАЛ",NULL,"ПАТРОКЛ ОТВАЛ",2024-01-01,NULL,1.250,1,"2025-04-12 00:23:31",1,"2025-04-12 00:23:31",1
40,NULL,ТОР,NULL,ГОГОЛЯ,2024-01-01,NULL,1.820,1,"2025-04-12 00:23:31",1,"2025-04-12 00:23:31",1
41,NULL,"КОНТЕЙНЕРНЫЙ ТЕРМИНАЛ",NULL,ДУБОВАЯ,2024-01-01,NULL,1.430,1,"2025-04-12 00:23:31",1,"2025-04-12 00:23:31",1
42,NULL,ВБЩЗ,NULL,"ПЕРВОМАЙСК ПОРТ",2024-01-01,NULL,1.250,1,"2025-04-12 00:23:31",1,"2025-04-12 00:23:31",1
43,NULL,"КОНТЕЙНЕРНЫЙ ТЕРМИНАЛ",NULL,ГОГОЛЯ,2024-01-01,NULL,1.330,1,"2025-04-12 00:23:31",1,"2025-04-12 00:23:31",1
44,NULL,ВБЩЗ,NULL,МУСОРСКОГО,2024-01-01,NULL,1.250,1,"2025-04-12 00:23:31",1,"2025-04-12 00:23:31",1
45,NULL,ВБЩЗ,NULL,МАКОВСКОГО,2024-01-01,NULL,1.250,1,"2025-04-12 00:23:31",1,"2025-04-12 00:23:31",1
46,NULL,ВБЩЗ,NULL,КИЗЛЯРСКАЯ,2024-01-01,NULL,1.260,1,"2025-04-12 00:23:31",1,"2025-04-12 00:23:31",1
47,NULL,ВБЩЗ,NULL,"ЗИМА ЮЖНАЯ",2024-01-01,NULL,1.330,1,"2025-04-12 00:23:31",1,"2025-04-12 00:23:31",1
48,NULL,ВБЩЗ,NULL,БРИНЕРА,2024-01-01,NULL,1.670,1,"2025-04-12 00:23:31",1,"2025-04-12 00:23:31",1
49,NULL,ВБЩЗ,NULL,ТОР,2024-01-01,NULL,1.330,1,"2025-04-12 00:23:31",1,"2025-04-12 00:23:31",1
