id,code,sysobjid,name,active,adminrightid,created_at,created_by,updated_at,updated_by
1,admin-global,1,"Администрирование прав пользователей",1,9,"2019-11-04 06:54:04",0,"2019-11-04 06:54:04",0
2,client,1,"Доступ сотрудника клиента",1,1,"2019-11-04 06:54:04",0,"2019-11-04 06:54:04",0
3,guest,1,"Гостевой доступ (самозарегистрированный пользователь)",1,1,"2019-11-04 06:54:04",0,"2019-11-04 06:54:04",0
4,orgcurator,1,"Право курирования клиентов",1,1,"2019-11-04 06:54:04",1,"2019-11-04 06:54:04",1
10,sysobjs.read,2,"Чтение записей",1,1,"2019-11-04 06:54:04",0,"2019-11-04 06:54:04",0
11,sysobjs.create,2,"Создание записей",1,1,"2019-11-04 06:54:04",0,"2019-11-04 06:54:04",0
12,sysobjs.update,2,"Изменение записей",1,1,"2019-11-04 06:54:04",0,"2019-11-04 06:54:04",0
13,sysobjs.delete,2,"Удаление записей",1,1,"2019-11-04 06:54:04",0,"2019-11-04 06:54:04",0
14,sysobjs.admin,2,"Администрирование прав на объект",1,1,"2019-11-04 06:54:04",0,"2019-11-04 06:54:04",0
20,users.read,3,"Чтение записей",1,1,"2019-11-04 06:54:04",0,"2019-11-04 06:54:04",0
21,users.create,3,"Создание записей",1,1,"2019-11-04 06:54:04",0,"2019-11-04 06:54:04",0
22,users.update,3,"Изменение записей",1,1,"2019-11-04 06:54:04",0,"2019-11-04 06:54:04",0
23,users.delete,3,"Удаление записей",1,1,"2019-11-04 06:54:04",0,"2019-11-04 06:54:04",0
24,users.admin,3,"Администрирование прав на объект",1,1,"2019-11-04 06:54:04",0,"2019-11-04 06:54:04",0
30,sysroles.read,5,"Чтение записей",1,1,"2019-11-04 06:54:04",0,"2019-11-04 06:54:04",0
31,sysroles.create,5,"Создание записей",1,1,"2019-11-04 06:54:04",0,"2019-11-04 06:54:04",0
32,sysroles.update,5,"Изменение записей",1,1,"2019-11-04 06:54:04",0,"2019-11-04 06:54:04",0
33,sysroles.delete,5,"Удаление записей",1,1,"2019-11-04 06:54:04",0,"2019-11-04 06:54:04",0
34,sysroles.admin,5,"Администрирование прав на объект",1,1,"2019-11-04 06:54:04",0,"2019-11-04 06:54:04",0
50,sysrolefuncs.read,6,"Чтение записей",1,1,"2019-11-04 06:54:04",0,"2019-11-04 06:54:04",0
51,sysrolefuncs.create,6,"Создание записей",1,1,"2019-11-04 06:54:04",0,"2019-11-04 06:54:04",0
52,sysrolefuncs.update,6,"Изменение записей",1,1,"2019-11-04 06:54:04",0,"2019-11-04 06:54:04",0
53,sysrolefuncs.delete,6,"Удаление записей",1,1,"2019-11-04 06:54:04",0,"2019-11-04 06:54:04",0
54,sysrolefuncs.admin,6,"Администрирование прав на объект",1,1,"2019-11-04 06:54:04",0,"2019-11-04 06:54:04",0
60,mngrbreakwork,131,"Право прерывания работы по заказу",1,1,"2019-11-04 06:54:04",NULL,"2019-11-04 06:54:04",NULL
61,curator-global,1,"глобальный куратор",1,1,"2019-11-04 06:54:04",NULL,"2019-11-04 06:54:04",NULL
62,ordanyprice,131,"Право применения произвольной цены",1,1,"2019-11-04 06:54:04",NULL,"2019-11-04 06:54:04",NULL
63,user2staff,3,"Привязка пользователя к организации",1,1,"2019-11-04 06:54:04",1,"2019-11-04 06:54:04",1
64,changebuyer,131,"изменение клиента в незавершенном заказе",1,1,"2019-11-04 06:54:04",1,"2019-11-04 06:54:04",1
65,loadextdata,1,"Право на загрузку внешних данных в систему",1,1,"2019-11-04 06:54:04",1,"2019-11-04 06:54:04",1
66,refitems.update,105,Изменение,1,1,"2019-11-04 06:54:04",1,"2019-11-04 06:54:04",1
67,refitems.delete,105,Удаление,1,1,"2019-11-04 06:54:04",1,"2019-11-04 06:54:04",1
68,orgs.update,111,Изменение,1,1,"2019-11-04 06:54:04",1,"2019-11-04 06:54:04",1
69,orgs.delete,111,Удаление,1,1,"2019-11-04 06:54:04",1,"2019-11-04 06:54:04",1
70,orders.read,131,Чтение,1,1,"2019-11-04 06:54:04",1,"2019-11-04 06:54:04",1
71,orders.create,131,"Создание записей",1,1,"2019-11-04 06:54:04",1,"2019-11-04 06:54:04",1
72,orders.update,131,"Изменение записей",1,1,"2019-11-04 06:54:04",1,"2019-11-04 06:54:04",1
73,orders.delete,131,"Удаление записей",1,1,"2019-11-04 06:54:04",1,"2019-11-04 06:54:04",1
74,itmtypes.update,101,Изменение,1,1,"2019-11-04 06:54:04",1,"2019-11-04 06:54:04",1
75,itmtypes.delete,101,Удаление,1,1,"2019-11-04 06:54:04",1,"2019-11-04 06:54:04",1
76,itmtypes.read,101,Чтение,1,1,"2019-11-04 06:54:04",1,"2019-11-04 06:54:04",1
77,orgs.read,111,"Просмотр записей",1,1,"2019-11-04 06:54:04",1,"2019-11-04 06:54:04",1
78,orgs.create,111,"Создание записей",1,1,"2019-11-04 06:54:04",1,"2019-11-04 06:54:04",1
80,orders.back2work,131,"вернуть в работу завершенный заказ без менеджера",1,1,"2019-11-04 06:54:04",1,"2019-11-04 06:54:04",1
82,saleactions.read,107,"Просмотр записей",1,1,"2019-11-04 06:54:04",1,"2019-11-04 06:54:04",1
83,saleactions.create,107,"Создание записей",1,1,"2019-11-04 06:54:04",1,"2019-11-04 06:54:04",1
84,saleactions.update,107,"Изменение записей",1,1,"2019-11-04 06:54:04",1,"2019-11-04 06:54:04",1
85,saleactions.delete,107,"Удаление записей",1,1,"2019-11-04 06:54:04",1,"2019-11-04 06:54:04",1
86,stock,201,"Модуль Склад",1,1,"2019-11-04 06:54:04",1,"2019-11-04 06:54:04",1
87,wrhs.create,202,"создание записей",1,1,"2019-11-04 06:54:04",1,"2019-11-04 06:54:04",1
88,wrhs.read,202,"просмотр записей",1,1,"2019-11-04 06:54:04",1,"2019-11-04 06:54:04",1
89,wrhs.update,202,"изменение записей",1,1,"2019-11-04 06:54:04",1,"2019-11-04 06:54:04",1
90,wrhs.delete,202,"удаление записей",1,1,"2019-11-04 06:54:04",1,"2019-11-04 06:54:04",1
91,wrh.storekeeper,201,кладовщик,1,1,"2019-11-04 06:54:04",1,"2019-11-04 06:54:04",1
92,wrh.expeditor,201,экспедитор,1,1,"2019-11-04 06:54:04",1,"2019-11-04 06:54:04",1
95,wrhdoctypes.create,203,"создание записей",1,1,"2019-11-04 06:54:04",1,"2019-11-04 06:54:04",1
96,wrhdoctypes.read,203,"просмотр записей",1,1,"2019-11-04 06:54:04",1,"2019-11-04 06:54:04",1
97,wrhdoctypes.update,203,"изменение записей",1,1,"2019-11-04 06:54:04",1,"2019-11-04 06:54:04",1
98,wrhdoctypes.delete,203,"удаление записей",1,1,"2019-11-04 06:54:04",1,"2019-11-04 06:54:04",1
99,wrhdocs.create,204,"создание записей",1,1,"2019-11-04 06:54:04",1,"2019-11-04 06:54:04",1
100,wrhdocs.read,204,"просмотр записей",1,1,"2019-11-04 06:54:04",1,"2019-11-04 06:54:04",1
101,wrhdocs.update,204,"изменение записей",1,1,"2019-11-04 06:54:04",1,"2019-11-04 06:54:04",1
102,wrhdocs.delete,204,"удаление записей",1,1,"2019-11-04 06:54:04",1,"2019-11-04 06:54:04",1
103,wrhdocs.sign,204,"утверждение(проведение) документа",1,1,"2019-11-04 06:54:04",1,"2019-11-04 06:54:04",1
104,wrhdocs.unsign,204,"разутверждение документа",1,1,"2019-11-04 06:54:04",1,"2019-11-04 06:54:04",1
105,brands.create,104,"создание записей",1,1,"2019-11-04 06:54:04",1,"2019-11-04 06:54:04",1
106,brands.read,104,"просмотр записей",1,1,"2019-11-04 06:54:04",1,"2019-11-04 06:54:04",1
107,brands.update,104,"изменение записей",1,1,"2019-11-04 06:54:04",1,"2019-11-04 06:54:04",1
108,brands.delete,104,"удаление записей",1,1,"2019-11-04 06:54:04",1,"2019-11-04 06:54:04",1
109,objfiles.create,11,"создание записей",1,1,"2019-11-04 06:54:04",1,"2019-11-04 06:54:04",1
110,objfiles.read,11,"просмотр записей",1,1,"2019-11-04 06:54:04",1,"2019-11-04 06:54:04",1
111,objfiles.update,11,"изменение записей",1,1,"2019-11-04 06:54:04",1,"2019-11-04 06:54:04",1
112,objfiles.delete,11,"удаление записей",1,1,"2019-11-04 06:54:04",1,"2019-11-04 06:54:04",1
113,unittypes.create,301,"создание записей",1,1,"2019-11-04 06:54:04",1,"2019-11-04 06:54:04",1
114,unittypes.read,301,"просмотр записей",1,1,"2019-11-04 06:54:04",1,"2019-11-04 06:54:04",1
115,unittypes.update,301,"изменение записей",1,1,"2019-11-04 06:54:04",1,"2019-11-04 06:54:04",1
116,unittypes.delete,301,"удаление записей",1,1,"2019-11-04 06:54:04",1,"2019-11-04 06:54:04",1
117,specinfotypes.create,103,"создание записей",1,1,"2019-11-04 06:54:04",1,"2019-11-04 06:54:04",1
118,specinfotypes.read,103,"просмотр записей",1,1,"2019-11-04 06:54:04",1,"2019-11-04 06:54:04",1
119,specinfotypes.update,103,"изменение записей",1,1,"2019-11-04 06:54:04",1,"2019-11-04 06:54:04",1
120,specinfotypes.delete,103,"удаление записей",1,1,"2019-11-04 06:54:04",1,"2019-11-04 06:54:04",1
121,orders.admindelete,131,"Административное удаление заказа со всем содержимым",1,9,"2019-11-04 06:54:04",1,"2019-11-04 06:54:04",1
122,translittypes.create,805,"создание записей",1,1,"2019-11-04 06:54:04",1,"2019-11-04 06:54:04",1
123,translittypes.read,805,"просмотр записей",1,1,"2019-11-04 06:54:04",1,"2019-11-04 06:54:04",1
124,translittypes.update,805,"изменение записей",1,1,"2019-11-04 06:54:04",1,"2019-11-04 06:54:04",1
125,translittypes.delete,805,"удаление записей",1,1,"2019-11-04 06:54:04",1,"2019-11-04 06:54:04",1
126,translits.create,806,"создание записей",1,1,"2019-11-04 06:54:04",1,"2019-11-04 06:54:04",1
127,translits.read,806,"просмотр записей",1,1,"2019-11-04 06:54:04",1,"2019-11-04 06:54:04",1
128,translits.update,806,"изменение записей",1,1,"2019-11-04 06:54:04",1,"2019-11-04 06:54:04",1
129,translits.delete,806,"удаление записей",1,1,"2019-11-04 06:54:04",1,"2019-11-04 06:54:04",1
130,ri_altnames.create,141,"создание записей",1,1,"2019-11-04 06:54:04",1,"2019-11-04 06:54:04",1
131,ri_altnames.read,141,"просмотр записей",1,1,"2019-11-04 06:54:04",1,"2019-11-04 06:54:04",1
132,ri_altnames.update,141,"изменение записей",1,1,"2019-11-04 06:54:04",1,"2019-11-04 06:54:04",1
133,ri_altnames.delete,141,"удаление записей",1,1,"2019-11-04 06:54:04",1,"2019-11-04 06:54:04",1
134,orders.ownorg.update,131,"изменение продавца в заказе",1,1,"2019-11-04 06:54:04",1,"2019-11-04 06:54:04",1
135,delivery,221,"Модуль Доставка",1,9,"2019-11-04 06:54:04",1,"2019-11-04 06:54:04",1
136,wrhdoc(9).sign,204,"право утверждения документа Акт разногласий",1,1,"2019-11-04 06:54:04",1,"2019-11-04 06:54:04",1
137,extsystems.read,31,"просмотр записей",1,1,"2019-11-04 06:54:04",1,"2019-11-04 06:54:04",1
138,extsystems.create,31,"создание записей",1,1,"2019-11-04 06:54:04",1,"2019-11-04 06:54:04",1
139,extsystems.update,31,"изменение записей",1,1,"2019-11-04 06:54:04",1,"2019-11-04 06:54:04",1
140,extsystems.delete,31,"удаление записей",1,1,"2019-11-04 06:54:04",1,"2019-11-04 06:54:04",1
141,objextids.read,32,"просмотр записей",1,1,"2019-11-04 06:54:04",1,"2019-11-04 06:54:04",1
142,objextids.create,32,"создание записей",1,1,"2019-11-04 06:54:04",1,"2019-11-04 06:54:04",1
143,objextids.update,32,"изменение записей",1,1,"2019-11-04 06:54:04",1,"2019-11-04 06:54:04",1
144,objextids.delete,32,"удаление записей",1,1,"2019-11-04 06:54:04",1,"2019-11-04 06:54:04",1
145,saleplans.read,701,"просмотр записей",1,1,"2019-11-04 06:54:04",1,"2019-11-04 06:54:04",1
146,saleplans.create,701,"создание записей",1,1,"2019-11-04 06:54:04",1,"2019-11-04 06:54:04",1
147,saleplans.update,701,"изменение записей",1,1,"2019-11-04 06:54:04",1,"2019-11-04 06:54:04",1
148,saleplans.delete,701,"удаление записей",1,1,"2019-11-04 06:54:04",1,"2019-11-04 06:54:04",1
149,grptypes.read,821,"просмотр записей",1,1,"2019-11-04 06:54:04",1,"2019-11-04 06:54:04",1
150,grptypes.create,821,"создание записей",1,1,"2019-11-04 06:54:04",1,"2019-11-04 06:54:04",1
151,grptypes.update,821,"изменение записей",1,1,"2019-11-04 06:54:04",1,"2019-11-04 06:54:04",1
152,grptypes.delete,821,"удаление записей",1,1,"2019-11-04 06:54:04",1,"2019-11-04 06:54:04",1
153,groups.read,822,"просмотр записей",1,1,"2019-11-04 06:54:04",1,"2019-11-04 06:54:04",1
154,groups.create,822,"создание записей",1,1,"2019-11-04 06:54:04",1,"2019-11-04 06:54:04",1
155,groups.update,822,"изменение записей",1,1,"2019-11-04 06:54:04",1,"2019-11-04 06:54:04",1
156,groups.delete,822,"удаление записей",1,1,"2019-11-04 06:54:04",1,"2019-11-04 06:54:04",1
157,curator.default,1,"куратор по-умолчанию",1,1,"2019-11-04 06:54:04",1,"2019-11-04 06:54:04",1
158,analitics.reports,601,"доступ к аналитическим отчетам",1,9,"2019-11-04 06:54:04",1,"2019-11-04 06:54:04",1
159,analitics.rep02,601,"отчет Анализ продаж"",1,9,"2019-11-04 06:54:04",1,"2019-11-04 06:54:04",1
160,analitics.rep03,601,"отчет Периодичность продаж"",1,1,"2019-11-04 06:54:04",1,"2019-11-04 06:54:04",1
161,stat.sales.view,1,"право просмотра статистики продаж",1,1,"2019-11-04 06:54:04",1,"2019-11-04 06:54:04",1
162,extsys_sysobjs.read,33,"просмотр записей",1,1,"2019-11-04 06:54:04",1,"2019-11-04 06:54:04",1
163,extsys_sysobjs.create,33,"создание записей",1,1,"2019-11-04 06:54:04",1,"2019-11-04 06:54:04",1
164,extsys_sysobjs.update,33,"изменение записей",1,1,"2019-11-04 06:54:04",1,"2019-11-04 06:54:04",1
165,extsys_sysobjs.delete,33,"удаление записей",1,1,"2019-11-04 06:54:04",1,"2019-11-04 06:54:04",1
166,fiscaldocs.read,442,"просмотр записей",1,1,"2019-11-04 06:54:04",1,"2019-11-04 06:54:04",1
167,fiscaldocs.create,442,"создание записей",1,1,"2019-11-04 06:54:04",1,"2019-11-04 06:54:04",1
168,fiscaldocs.update,442,"изменение записей",1,1,"2019-11-04 06:54:04",1,"2019-11-04 06:54:04",1
169,fiscaldocs.delete,442,"удаление записей",1,1,"2019-11-04 06:54:04",1,"2019-11-04 06:54:04",1
170,cashier,400,"кассир - право работы с ККТ",1,1,"2019-11-05 11:23:15",1,"2019-11-05 11:23:15",1
