id,code,sysobjid,name,adminrightid,org_area,active,ordr,created_at,created_by,updated_at,updated_by
1,admin-global,1,"Администрирование прав пользователей",9,0,1,255,"2023-07-15 02:08:40",0,"2023-07-15 02:08:40",0
2,client,1,"Доступ сотрудника клиента",1,0,0,255,"2023-07-15 02:08:40",0,"2023-07-15 02:08:40",0
3,guest,1,"Гостевой доступ (самозарегистрированный пользователь)",1,0,0,255,"2023-07-15 02:08:40",0,"2023-07-15 02:08:40",0
4,orgcurator,1,"Право курирования клиентов",1,0,1,255,"2023-07-15 02:08:40",1,"2023-07-15 02:08:40",1
10,sysobjs.read,2,"Чтение записей",1,0,1,1,"2023-07-15 02:08:40",0,"2023-07-15 02:08:40",0
11,sysobjs.create,2,"Создание записей",1,0,1,2,"2023-07-15 02:08:40",0,"2023-07-15 02:08:40",0
12,sysobjs.update,2,"изменение записей",1,0,1,3,"2023-07-15 02:08:40",0,"2023-07-15 02:08:40",0
13,sysobjs.delete,2,"Удаление записей",1,0,1,4,"2023-07-15 02:08:40",0,"2023-07-15 02:08:40",0
14,sysobjs.admin,2,"Администрирование прав на объект",1,0,1,255,"2023-07-15 02:08:40",0,"2023-07-15 02:08:40",0
20,users.read,3,"Чтение записей",1,0,1,1,"2023-07-15 02:08:40",0,"2023-07-15 02:08:40",0
21,users.create,3,"Создание записей",1,0,1,2,"2023-07-15 02:08:40",0,"2023-07-15 02:08:40",0
22,users.update,3,"изменение записей",1,0,1,3,"2023-07-15 02:08:40",0,"2023-07-15 02:08:40",0
23,users.delete,3,"Удаление записей",1,0,1,4,"2023-07-15 02:08:40",0,"2023-07-15 02:08:40",0
24,users.admin,3,"Администрирование прав на объект",1,0,1,255,"2023-07-15 02:08:40",0,"2023-07-15 02:08:40",0
30,sysroles.read,5,"Чтение записей",1,0,1,1,"2023-07-15 02:08:40",0,"2023-07-15 02:08:40",0
31,sysroles.create,5,"Создание записей",1,0,1,2,"2023-07-15 02:08:40",0,"2023-07-15 02:08:40",0
32,sysroles.update,5,"изменение записей",1,0,1,3,"2023-07-15 02:08:40",0,"2023-07-15 02:08:40",0
33,sysroles.delete,5,"Удаление записей",1,0,1,4,"2023-07-15 02:08:40",0,"2023-07-15 02:08:40",0
34,sysroles.admin,5,"Администрирование прав на объект",1,0,1,255,"2023-07-15 02:08:40",0,"2023-07-15 02:08:40",0
50,sysrolefuncs.read,6,"Чтение записей",1,0,1,1,"2023-07-15 02:08:40",0,"2023-07-15 02:08:40",0
51,sysrolefuncs.create,6,"Создание записей",1,0,1,2,"2023-07-15 02:08:40",0,"2023-07-15 02:08:40",0
52,sysrolefuncs.update,6,"изменение записей",1,0,1,3,"2023-07-15 02:08:40",0,"2023-07-15 02:08:40",0
53,sysrolefuncs.delete,6,"Удаление записей",1,0,1,4,"2023-07-15 02:08:40",0,"2023-07-15 02:08:40",0
54,sysrolefuncs.admin,6,"Администрирование прав на объект",1,0,1,255,"2023-07-15 02:08:40",0,"2023-07-15 02:08:40",0
60,mngrbreakwork,131,"Право прерывания работы по заказу",1,0,1,255,"2023-07-15 02:08:40",NULL,"2023-07-15 02:08:40",NULL
61,curator-global,1,"глобальный куратор",1,0,0,255,"2023-07-15 02:08:40",NULL,"2023-07-15 02:08:40",NULL
62,ordanyprice,131,"Право применения произвольной цены",1,0,1,255,"2023-07-15 02:08:40",NULL,"2023-07-15 02:08:40",NULL
63,user2staff,3,"Привязка пользователя к организации",1,0,0,255,"2023-07-15 02:08:40",1,"2023-07-15 02:08:40",1
64,changebuyer,131,"изменение клиента в незавершенном заказе",1,0,1,255,"2023-07-15 02:08:40",1,"2023-07-15 02:08:40",1
65,loadextdata,31,"загрузка внешних данных в систему",1,0,1,255,"2023-07-15 02:08:40",1,"2023-07-15 02:08:40",1
66,refitems.update,105,"изменение записей",1,0,1,3,"2023-07-15 02:08:40",1,"2023-07-15 02:08:40",1
67,refitems.delete,105,"Удаление записей",1,0,1,4,"2023-07-15 02:08:40",1,"2023-07-15 02:08:40",1
68,orgs.update,111,"изменение записей",1,0,1,3,"2023-07-15 02:08:40",1,"2023-07-15 02:08:40",1
69,orgs.delete,111,"Удаление записей",1,0,1,4,"2023-07-15 02:08:40",1,"2023-07-15 02:08:40",1
70,orders.read,131,"Просмотр записей",1,0,1,1,"2023-07-15 02:08:40",1,"2023-07-15 02:08:40",1
71,orders.create,131,"Создание записей",1,0,1,2,"2023-07-15 02:08:40",1,"2023-07-15 02:08:40",1
72,orders.update,131,"изменение записей",1,0,1,3,"2023-07-15 02:08:40",1,"2023-07-15 02:08:40",1
73,orders.delete,131,"Удаление записей",1,0,1,4,"2023-07-15 02:08:40",1,"2023-07-15 02:08:40",1
74,itmtypes.update,101,"изменение записей",1,0,1,3,"2023-07-15 02:08:40",1,"2023-07-15 02:08:40",1
75,itmtypes.delete,101,"Удаление записей",1,0,1,4,"2023-07-15 02:08:40",1,"2023-07-15 02:08:40",1
76,itmtypes.read,101,"Просмотр записей",1,0,1,1,"2023-07-15 02:08:40",1,"2023-07-15 02:08:40",1
77,orgs.read,111,"Просмотр записей",1,0,1,1,"2023-07-15 02:08:40",1,"2023-07-15 02:08:40",1
78,orgs.create,111,"Создание записей",1,0,1,2,"2023-07-15 02:08:40",1,"2023-07-15 02:08:40",1
80,orders.back2work,131,"вернуть в работу завершенный заказ без менеджера",1,0,1,255,"2023-07-15 02:08:40",1,"2023-07-15 02:08:40",1
82,saleactions.read,107,"Просмотр записей",1,0,1,1,"2023-07-15 02:08:40",1,"2023-07-15 02:08:40",1
83,saleactions.create,107,"Создание записей",1,0,1,2,"2023-07-15 02:08:40",1,"2023-07-15 02:08:40",1
84,saleactions.update,107,"изменение записей",1,0,1,3,"2023-07-15 02:08:40",1,"2023-07-15 02:08:40",1
85,saleactions.delete,107,"Удаление записей",1,0,1,4,"2023-07-15 02:08:40",1,"2023-07-15 02:08:40",1
86,stock,201,"Модуль Склад",1,0,1,255,"2023-07-15 02:08:40",1,"2023-07-15 02:08:40",1
87,wrhs.create,202,"создание записей",1,0,1,2,"2023-07-15 02:08:40",1,"2023-07-15 02:08:40",1
88,wrhs.read,202,"просмотр записей",1,0,1,1,"2023-07-15 02:08:40",1,"2023-07-15 02:08:40",1
89,wrhs.update,202,"изменение записей",1,0,1,3,"2023-07-15 02:08:40",1,"2023-07-15 02:08:40",1
90,wrhs.delete,202,"удаление записей",1,0,1,4,"2023-07-15 02:08:40",1,"2023-07-15 02:08:40",1
91,wrh.storekeeper,201,кладовщик,1,0,1,255,"2023-07-15 02:08:40",1,"2023-07-15 02:08:40",1
92,wrh.expeditor,201,экспедитор,1,0,1,255,"2023-07-15 02:08:40",1,"2023-07-15 02:08:40",1
95,wrhdoctypes.create,203,"создание записей",1,0,1,2,"2023-07-15 02:08:40",1,"2023-07-15 02:08:40",1
96,wrhdoctypes.read,203,"просмотр записей",1,0,1,1,"2023-07-15 02:08:40",1,"2023-07-15 02:08:40",1
97,wrhdoctypes.update,203,"изменение записей",1,0,1,3,"2023-07-15 02:08:40",1,"2023-07-15 02:08:40",1
98,wrhdoctypes.delete,203,"удаление записей",1,0,1,4,"2023-07-15 02:08:40",1,"2023-07-15 02:08:40",1
99,wrhdocs.create,204,"создание записей",1,0,1,2,"2023-07-15 02:08:40",1,"2023-07-15 02:08:40",1
100,wrhdocs.read,204,"просмотр записей",1,0,1,1,"2023-07-15 02:08:40",1,"2023-07-15 02:08:40",1
101,wrhdocs.update,204,"изменение записей",1,0,1,3,"2023-07-15 02:08:40",1,"2023-07-15 02:08:40",1
102,wrhdocs.delete,204,"удаление записей",1,0,1,4,"2023-07-15 02:08:40",1,"2023-07-15 02:08:40",1
103,wrhdocs.sign,204,"утверждение(проведение) документа",1,0,1,8,"2023-07-15 02:08:40",1,"2023-07-15 02:08:40",1
104,wrhdocs.unsign,204,"разутверждение документа",1,0,1,10,"2023-07-15 02:08:40",1,"2023-07-15 02:08:40",1
105,brands.create,104,"создание записей",1,0,1,2,"2023-07-15 02:08:40",1,"2023-07-15 02:08:40",1
106,brands.read,104,"просмотр записей",1,0,1,1,"2023-07-15 02:08:40",1,"2023-07-15 02:08:40",1
107,brands.update,104,"изменение записей",1,0,1,3,"2023-07-15 02:08:40",1,"2023-07-15 02:08:40",1
108,brands.delete,104,"удаление записей",1,0,1,4,"2023-07-15 02:08:40",1,"2023-07-15 02:08:40",1
109,objfiles.create,11,"создание записей",1,0,1,2,"2023-07-15 02:08:40",1,"2023-07-15 02:08:40",1
110,objfiles.read,11,"просмотр записей",1,0,1,1,"2023-07-15 02:08:40",1,"2023-07-15 02:08:40",1
111,objfiles.update,11,"изменение записей",1,0,1,3,"2023-07-15 02:08:40",1,"2023-07-15 02:08:40",1
112,objfiles.delete,11,"удаление записей",1,0,1,4,"2023-07-15 02:08:40",1,"2023-07-15 02:08:40",1
113,unittypes.create,301,"создание записей",1,0,1,2,"2023-07-15 02:08:40",1,"2023-07-15 02:08:40",1
114,unittypes.read,301,"просмотр записей",1,0,1,1,"2023-07-15 02:08:40",1,"2023-07-15 02:08:40",1
115,unittypes.update,301,"изменение записей",1,0,1,3,"2023-07-15 02:08:40",1,"2023-07-15 02:08:40",1
116,unittypes.delete,301,"удаление записей",1,0,1,4,"2023-07-15 02:08:40",1,"2023-07-15 02:08:40",1
117,specinfotypes.create,103,"создание записей",1,0,1,2,"2023-07-15 02:08:40",1,"2023-07-15 02:08:40",1
118,specinfotypes.read,103,"просмотр записей",1,0,1,1,"2023-07-15 02:08:40",1,"2023-07-15 02:08:40",1
119,specinfotypes.update,103,"изменение записей",1,0,1,3,"2023-07-15 02:08:40",1,"2023-07-15 02:08:40",1
120,specinfotypes.delete,103,"удаление записей",1,0,1,4,"2023-07-15 02:08:40",1,"2023-07-15 02:08:40",1
121,orders.admindelete,131,"Административное удаление заказа со всем содержимым",9,0,1,255,"2023-07-15 02:08:40",1,"2023-07-15 02:08:40",1
122,translittypes.create,805,"создание записей",1,0,1,2,"2023-07-15 02:08:40",1,"2023-07-15 02:08:40",1
123,translittypes.read,805,"просмотр записей",1,0,1,1,"2023-07-15 02:08:40",1,"2023-07-15 02:08:40",1
124,translittypes.update,805,"изменение записей",1,0,1,3,"2023-07-15 02:08:40",1,"2023-07-15 02:08:40",1
125,translittypes.delete,805,"удаление записей",1,0,1,4,"2023-07-15 02:08:40",1,"2023-07-15 02:08:40",1
126,translits.create,806,"создание записей",1,0,1,2,"2023-07-15 02:08:40",1,"2023-07-15 02:08:40",1
127,translits.read,806,"просмотр записей",1,0,1,1,"2023-07-15 02:08:40",1,"2023-07-15 02:08:40",1
128,translits.update,806,"изменение записей",1,0,1,3,"2023-07-15 02:08:40",1,"2023-07-15 02:08:40",1
129,translits.delete,806,"удаление записей",1,0,1,4,"2023-07-15 02:08:40",1,"2023-07-15 02:08:40",1
130,ri_altnames.create,141,"создание записей",1,0,1,2,"2023-07-15 02:08:40",1,"2023-07-15 02:08:40",1
131,ri_altnames.read,141,"просмотр записей",1,0,1,1,"2023-07-15 02:08:40",1,"2023-07-15 02:08:40",1
132,ri_altnames.update,141,"изменение записей",1,0,1,3,"2023-07-15 02:08:40",1,"2023-07-15 02:08:40",1
133,ri_altnames.delete,141,"удаление записей",1,0,1,4,"2023-07-15 02:08:40",1,"2023-07-15 02:08:40",1
134,orders.ownorg.update,131,"изменение продавца в заказе",1,0,1,3,"2023-07-15 02:08:40",1,"2023-07-15 02:08:40",1
135,delivery,221,"Модуль Доставка",9,0,1,255,"2023-07-15 02:08:40",1,"2023-07-15 02:08:40",1
136,wrhdoc(9).sign,204,"право утверждения документа Акт разногласий",1,0,1,12,"2023-07-15 02:08:40",1,"2023-07-15 02:08:40",1
137,extsystems.read,31,"просмотр записей",1,0,1,1,"2023-07-15 02:08:40",1,"2023-07-15 02:08:40",1
138,extsystems.create,31,"создание записей",1,0,1,2,"2023-07-15 02:08:40",1,"2023-07-15 02:08:40",1
139,extsystems.update,31,"изменение записей",1,0,1,3,"2023-07-15 02:08:40",1,"2023-07-15 02:08:40",1
140,extsystems.delete,31,"удаление записей",1,0,1,4,"2023-07-15 02:08:40",1,"2023-07-15 02:08:40",1
141,objextids.read,32,"просмотр записей",1,0,1,1,"2023-07-15 02:08:40",1,"2023-07-15 02:08:40",1
142,objextids.create,32,"создание записей",1,0,1,2,"2023-07-15 02:08:40",1,"2023-07-15 02:08:40",1
143,objextids.update,32,"изменение записей",1,0,1,3,"2023-07-15 02:08:40",1,"2023-07-15 02:08:40",1
144,objextids.delete,32,"удаление записей",1,0,1,4,"2023-07-15 02:08:40",1,"2023-07-15 02:08:40",1
145,saleplans.read,701,"просмотр записей",1,0,1,1,"2023-07-15 02:08:40",1,"2023-07-15 02:08:40",1
146,saleplans.create,701,"создание записей",1,0,1,2,"2023-07-15 02:08:40",1,"2023-07-15 02:08:40",1
147,saleplans.update,701,"изменение записей",1,0,1,3,"2023-07-15 02:08:40",1,"2023-07-15 02:08:40",1
148,saleplans.delete,701,"удаление записей",1,0,1,4,"2023-07-15 02:08:40",1,"2023-07-15 02:08:40",1
149,grptypes.read,821,"просмотр записей",1,0,1,1,"2023-07-15 02:08:40",1,"2023-07-15 02:08:40",1
150,grptypes.create,821,"создание записей",1,0,1,2,"2023-07-15 02:08:40",1,"2023-07-15 02:08:40",1
151,grptypes.update,821,"изменение записей",1,0,1,3,"2023-07-15 02:08:40",1,"2023-07-15 02:08:40",1
152,grptypes.delete,821,"удаление записей",1,0,1,4,"2023-07-15 02:08:40",1,"2023-07-15 02:08:40",1
153,groups.read,822,"просмотр записей",1,0,1,1,"2023-07-15 02:08:40",1,"2023-07-15 02:08:40",1
154,groups.create,822,"создание записей",1,0,1,2,"2023-07-15 02:08:40",1,"2023-07-15 02:08:40",1
155,groups.update,822,"изменение записей",1,0,1,3,"2023-07-15 02:08:40",1,"2023-07-15 02:08:40",1
156,groups.delete,822,"удаление записей",1,0,1,4,"2023-07-15 02:08:40",1,"2023-07-15 02:08:40",1
157,curator.default,1,"куратор по-умолчанию",1,0,0,255,"2023-07-15 02:08:40",1,"2023-07-15 02:08:40",1
158,analitics.reports,600,"доступ к аналитическим отчетам",9,0,1,255,"2023-07-15 02:08:40",1,"2023-07-15 02:08:40",1
159,analitics.rep02,600,"отчет Анализ продаж",9,0,1,255,"2023-07-15 02:08:40",1,"2023-07-15 02:08:40",1
160,analitics.rep03,600,"отчет Периодичность продаж",1,0,1,255,"2023-07-15 02:08:40",1,"2023-07-15 02:08:40",1
161,stat.sales.view,1,"право просмотра статистики продаж",1,0,0,255,"2023-07-15 02:08:40",1,"2023-07-15 02:08:40",1
162,extsys_sysobjs.read,33,"просмотр записей",1,0,1,1,"2023-07-15 02:08:40",1,"2023-07-15 02:08:40",1
163,extsys_sysobjs.create,33,"создание записей",1,0,1,2,"2023-07-15 02:08:40",1,"2023-07-15 02:08:40",1
164,extsys_sysobjs.update,33,"изменение записей",1,0,1,3,"2023-07-15 02:08:40",1,"2023-07-15 02:08:40",1
165,extsys_sysobjs.delete,33,"удаление записей",1,0,1,4,"2023-07-15 02:08:40",1,"2023-07-15 02:08:40",1
166,fiscaldocs.read,442,"просмотр записей",1,0,1,1,"2023-07-15 02:08:40",1,"2023-07-15 02:08:40",1
167,fiscaldocs.create,442,"создание записей",1,0,1,2,"2023-07-15 02:08:40",1,"2023-07-15 02:08:40",1
168,fiscaldocs.update,442,"изменение/фискализация записей",1,0,1,3,"2023-07-15 02:08:40",1,"2023-07-15 02:08:40",1
169,fiscaldocs.delete,442,"удаление записей",1,0,1,4,"2023-07-15 02:08:40",1,"2023-07-15 02:08:40",1
170,cashier,400,"кассир - право работы с ККТ",1,0,1,255,"2023-07-15 02:08:40",1,"2023-07-15 02:08:40",1
171,kkts.read,426,"просмотр записей",1,0,1,1,"2023-07-15 02:08:40",1,"2023-07-15 02:08:40",1
172,kkts.create,426,"создание записей",1,0,1,2,"2023-07-15 02:08:40",1,"2023-07-15 02:08:40",1
173,kkts.update,426,"изменение записей",1,0,1,3,"2023-07-15 02:08:40",1,"2023-07-15 02:08:40",1
174,kkts.delete,426,"удаление записей",1,0,1,4,"2023-07-15 02:08:40",1,"2023-07-15 02:08:40",1
175,org_places.read,116,"просмотр записей",1,0,1,1,"2023-07-15 02:08:40",1,"2023-07-15 02:08:40",1
176,org_places.create,116,"создание записей",1,0,1,2,"2023-07-15 02:08:40",1,"2023-07-15 02:08:40",1
177,org_places.update,116,"изменение записей",1,0,1,3,"2023-07-15 02:08:40",1,"2023-07-15 02:08:40",1
178,org_places.delete,116,"удаление записей",1,0,1,4,"2023-07-15 02:08:40",1,"2023-07-15 02:08:40",1
179,cash_boxes.read,424,"просмотр записей",1,0,1,1,"2023-07-15 02:08:40",1,"2023-07-15 02:08:40",1
180,cash_boxes.create,424,"создание записей",1,0,1,2,"2023-07-15 02:08:40",1,"2023-07-15 02:08:40",1
181,cash_boxes.update,424,"изменение записей",1,0,1,3,"2023-07-15 02:08:40",1,"2023-07-15 02:08:40",1
182,cash_boxes.delete,424,"удаление записей",1,0,1,4,"2023-07-15 02:08:40",1,"2023-07-15 02:08:40",1
183,fiscaldocs.create_corrdoc,442,"создание чека коррекции",1,0,1,2,"2023-07-15 02:08:40",1,"2023-07-15 02:08:40",1
184,fiscaldocs.update_corrdoc,442,"изменение/фискализация чека коррекции",1,0,1,3,"2023-07-15 02:08:40",1,"2023-07-15 02:08:40",1
185,cash_boxes.adminrelease,424,"принудительное освобождение занятого места",1,0,1,255,"2023-07-15 02:08:40",1,"2023-07-15 02:08:40",1
186,ri_options.read,143,"просмотр записей",1,0,1,1,"2023-07-15 02:08:40",1,"2023-07-15 02:08:40",1
187,ri_options.create,143,"создание записей",1,0,1,2,"2023-07-15 02:08:40",1,"2023-07-15 02:08:40",1
188,ri_options.update,143,"изменение записей",1,0,1,3,"2023-07-15 02:08:40",1,"2023-07-15 02:08:40",1
189,ri_options.delete,143,"удаление записей",1,0,1,4,"2023-07-15 02:08:40",1,"2023-07-15 02:08:40",1
190,ri_units.read,144,"просмотр записей",1,0,1,1,"2023-07-15 02:08:40",1,"2023-07-15 02:08:40",1
191,ri_units.create,144,"создание записей",1,0,1,2,"2023-07-15 02:08:40",1,"2023-07-15 02:08:40",1
192,ri_units.update,144,"изменение записей",1,0,1,3,"2023-07-15 02:08:40",1,"2023-07-15 02:08:40",1
193,ri_units.delete,144,"удаление записей",1,0,1,4,"2023-07-15 02:08:40",1,"2023-07-15 02:08:40",1
194,ordpays.read,135,"просмотр записей",1,0,1,1,"2023-07-15 02:08:40",1,"2023-07-15 02:08:40",1
195,ordpays.create,135,"создание записей",1,0,1,2,"2023-07-15 02:08:40",1,"2023-07-15 02:08:40",1
196,ordpays.update,135,"изменение записей",1,0,1,3,"2023-07-15 02:08:40",1,"2023-07-15 02:08:40",1
197,ordpays.delete,135,"удаление записей",1,0,1,4,"2023-07-15 02:08:40",1,"2023-07-15 02:08:40",1
198,paydocs.read,520,"просмотр записей",1,0,1,1,"2023-07-15 02:08:40",1,"2023-07-15 02:08:40",1
199,paydocs.create,520,"создание записей",1,0,1,2,"2023-07-15 02:08:40",1,"2023-07-15 02:08:40",1
200,paydocs.update,520,"изменение записей",1,0,1,3,"2023-07-15 02:08:40",1,"2023-07-15 02:08:40",1
201,paydocs.delete,520,"удаление записей",1,0,1,4,"2023-07-15 02:08:40",1,"2023-07-15 02:08:40",1
202,refitems.read,105,"Просмотр записей",1,0,1,1,"2023-07-15 02:08:40",1,"2023-07-15 02:08:40",1
203,refitems.create,105,"Создание записей",1,0,1,2,"2023-07-15 02:08:40",1,"2023-07-15 02:08:40",1
204,orders.approve,131,"согласование количества",1,0,1,255,"2023-07-15 02:08:40",1,"2023-07-15 02:08:40",1
205,makedocs.read,831,"просмотр записей",1,0,1,1,"2023-07-15 02:08:40",1,"2023-07-15 02:08:40",1
206,makedocs.create,831,"создание записей",1,0,1,2,"2023-07-15 02:08:40",1,"2023-07-15 02:08:40",1
207,makedocs.update,831,"изменение записей",1,0,1,3,"2023-07-15 02:08:40",1,"2023-07-15 02:08:40",1
208,makedocs.delete,831,"удаление записей",1,0,1,4,"2023-07-15 02:08:40",1,"2023-07-15 02:08:40",1
209,makedocitems.read,832,"просмотр записей",1,0,1,1,"2023-07-15 02:08:40",1,"2023-07-15 02:08:40",1
210,makedocitems.create,832,"создание записей",1,0,1,2,"2023-07-15 02:08:40",1,"2023-07-15 02:08:40",1
211,makedocitems.update,832,"изменение записей",1,0,1,3,"2023-07-15 02:08:40",1,"2023-07-15 02:08:40",1
212,makedocitems.delete,832,"удаление записей",1,0,1,4,"2023-07-15 02:08:40",1,"2023-07-15 02:08:40",1
213,orders.copy,131,"Повтор (дублирование) заказа",1,0,1,255,"2023-07-15 02:08:40",1,"2023-07-15 02:08:40",1
214,userorgs.read,126,"просмотр записей",1,0,1,1,"2023-07-15 02:08:40",1,"2023-07-15 02:08:40",1
215,userorgs.create,126,"создание записей",1,0,1,2,"2023-07-15 02:08:40",1,"2023-07-15 02:08:40",1
216,userorgs.update,126,"изменение записей",1,0,1,3,"2023-07-15 02:08:40",1,"2023-07-15 02:08:40",1
217,userorgs.delete,126,"удаление записей",1,0,1,4,"2023-07-15 02:08:40",1,"2023-07-15 02:08:40",1
218,ri_qtymarkups.read,843,"просмотр записей",1,0,1,1,"2023-07-15 02:08:40",1,"2023-07-15 02:08:40",1
219,ri_qtymarkups.create,843,"создание записей",1,0,1,2,"2023-07-15 02:08:40",1,"2023-07-15 02:08:40",1
220,ri_qtymarkups.update,843,"изменение записей",1,0,1,3,"2023-07-15 02:08:40",1,"2023-07-15 02:08:40",1
221,ri_qtymarkups.delete,843,"удаление записей",1,0,1,4,"2023-07-15 02:08:40",1,"2023-07-15 02:08:40",1
222,org_saldos.read,114,"просмотр записей",1,0,1,1,"2023-07-15 02:08:40",1,"2023-07-15 02:08:40",1
223,org_saldos.create,114,"создание записей",1,0,1,2,"2023-07-15 02:08:40",1,"2023-07-15 02:08:40",1
224,org_saldos.update,114,"изменение записей",1,0,1,3,"2023-07-15 02:08:40",1,"2023-07-15 02:08:40",1
225,org_saldos.delete,114,"удаление записей",1,0,1,4,"2023-07-15 02:08:40",1,"2023-07-15 02:08:40",1
226,projects.read,461,"просмотр записей",1,0,1,1,"2023-07-15 02:08:40",1,"2023-07-15 02:08:40",1
227,projects.create,461,"создание записей",1,0,1,2,"2023-07-15 02:08:40",1,"2023-07-15 02:08:40",1
228,projects.update,461,"изменение записей",1,0,1,3,"2023-07-15 02:08:40",1,"2023-07-15 02:08:40",1
229,projects.delete,461,"удаление записей",1,0,1,4,"2023-07-15 02:08:40",1,"2023-07-15 02:08:40",1
230,estdocs.read,465,"просмотр записей",1,0,1,1,"2023-07-15 02:08:40",1,"2023-07-15 02:08:40",1
231,estdocs.create,465,"создание записей",1,0,1,2,"2023-07-15 02:08:40",1,"2023-07-15 02:08:40",1
232,estdocs.update,465,"изменение записей",1,0,1,3,"2023-07-15 02:08:40",1,"2023-07-15 02:08:40",1
233,estdocs.delete,465,"удаление записей",1,0,1,4,"2023-07-15 02:08:40",1,"2023-07-15 02:08:40",1
234,wrktyperefbook.read,471,"просмотр записей",1,0,1,1,"2023-07-15 02:08:40",1,"2023-07-15 02:08:40",1
235,wrktyperefbook.create,471,"создание записей",1,0,1,2,"2023-07-15 02:08:40",1,"2023-07-15 02:08:40",1
236,wrktyperefbook.update,471,"изменение записей",1,0,1,3,"2023-07-15 02:08:40",1,"2023-07-15 02:08:40",1
237,wrktyperefbook.delete,471,"удаление записей",1,0,1,4,"2023-07-15 02:08:40",1,"2023-07-15 02:08:40",1
238,wtrb_items.read,472,"просмотр записей",1,0,1,1,"2023-07-15 02:08:40",1,"2023-07-15 02:08:40",1
239,wtrb_items.create,472,"создание записей",1,0,1,2,"2023-07-15 02:08:40",1,"2023-07-15 02:08:40",1
240,wtrb_items.update,472,"изменение записей",1,0,1,3,"2023-07-15 02:08:40",1,"2023-07-15 02:08:40",1
241,wtrb_items.delete,472,"удаление записей",1,0,1,4,"2023-07-15 02:08:40",1,"2023-07-15 02:08:40",1
242,mchntypes.read,481,"просмотр записей",1,0,1,1,"2023-07-15 02:08:40",1,"2023-07-15 02:08:40",1
243,mchntypes.create,481,"создание записей",1,0,1,2,"2023-07-15 02:08:40",1,"2023-07-15 02:08:40",1
244,mchntypes.update,481,"изменение записей",1,0,1,3,"2023-07-15 02:08:40",1,"2023-07-15 02:08:40",1
245,mchntypes.delete,481,"удаление записей",1,0,1,4,"2023-07-15 02:08:40",1,"2023-07-15 02:08:40",1
246,machines.read,482,"просмотр записей",1,0,1,1,"2023-07-15 02:08:40",1,"2023-07-15 02:08:40",1
247,machines.create,482,"создание записей",1,0,1,2,"2023-07-15 02:08:40",1,"2023-07-15 02:08:40",1
248,machines.update,482,"изменение записей",1,0,1,3,"2023-07-15 02:08:40",1,"2023-07-15 02:08:40",1
249,machines.delete,482,"удаление записей",1,0,1,4,"2023-07-15 02:08:40",1,"2023-07-15 02:08:40",1
254,mchnrqsts.read,483,"просмотр записей",1,0,1,1,"2023-07-15 02:08:40",1,"2023-07-15 02:08:40",1
255,mchnrqsts.create,483,"создание записей",1,0,1,2,"2023-07-15 02:08:40",1,"2023-07-15 02:08:40",1
256,mchnrqsts.update,483,"изменение записей",1,0,1,3,"2023-07-15 02:08:40",1,"2023-07-15 02:08:40",1
257,mchnrqsts.delete,483,"удаление записей",1,0,1,4,"2023-07-15 02:08:40",1,"2023-07-15 02:08:40",1
258,contracts.read,151,"просмотр записей",1,0,1,1,"2023-07-15 02:08:40",1,"2023-07-15 02:08:40",1
259,contracts.create,151,"создание записей",1,0,1,2,"2023-07-15 02:08:40",1,"2023-07-15 02:08:40",1
260,contracts.update,151,"изменение записей",1,0,1,3,"2023-07-15 02:08:40",1,"2023-07-15 02:08:40",1
261,contracts.delete,151,"удаление записей",1,0,1,4,"2023-07-15 02:08:40",1,"2023-07-15 02:08:40",1
262,mchnrqsts.approve,483,"согласование заявок",1,0,1,5,"2023-07-15 02:08:40",1,"2023-07-15 02:08:40",1
263,mchnrqsts.unregistrate,483,"отзыв чужих заявок (не инициатор)",1,0,1,7,"2023-07-15 02:08:40",1,"2023-07-15 02:08:40",1
264,mchnrqsts.setfact,483,"регистрация факта",1,0,1,6,"2023-07-15 02:08:40",1,"2023-07-15 02:08:40",1
265,indicators.read,491,"просмотр записей",1,0,1,1,"2023-07-15 02:08:40",1,"2023-07-15 02:08:40",1
266,indicators.create,491,"создание записей",1,0,1,2,"2023-07-15 02:08:40",1,"2023-07-15 02:08:40",1
267,indicators.update,491,"изменение записей",1,0,1,3,"2023-07-15 02:08:40",1,"2023-07-15 02:08:40",1
268,indicators.delete,491,"удаление записей",1,0,1,4,"2023-07-15 02:08:40",1,"2023-07-15 02:08:40",1
269,indi_facts.read,492,"просмотр записей",1,0,1,1,"2023-07-15 02:08:40",1,"2023-07-15 02:08:40",1
270,indi_facts.create,492,"создание записей",1,0,1,2,"2023-07-15 02:08:40",1,"2023-07-15 02:08:40",1
271,indi_facts.update,492,"изменение записей",1,0,1,3,"2023-07-15 02:08:40",1,"2023-07-15 02:08:40",1
272,indi_facts.delete,492,"удаление записей",1,0,1,4,"2023-07-15 02:08:40",1,"2023-07-15 02:08:40",1
273,projbudgetitems.read,462,"чтение записей",1,0,1,1,"2023-07-15 02:08:40",1,"2023-07-15 02:08:40",1
274,projbudgetitems.create,462,"создание записей",1,0,1,2,"2023-07-15 02:08:40",1,"2023-07-15 02:08:40",1
275,projbudgetitems.update,462,"изменение записей",1,0,1,3,"2023-07-15 02:08:40",1,"2023-07-15 02:08:40",1
276,projbudgetitems.delete,462,"удаление записей",1,0,1,4,"2023-07-15 02:08:40",1,"2023-07-15 02:08:40",1
277,prodplans.read,731,"просмотр записей",1,0,1,255,"2023-07-15 02:08:40",1,"2023-07-15 02:08:40",1
278,prodplans.create,731,"создание записей",1,0,1,255,"2023-07-15 02:08:40",1,"2023-07-15 02:08:40",1
279,prodplans.update,731,"изменение записей",1,0,1,255,"2023-07-15 02:08:40",1,"2023-07-15 02:08:40",1
280,prodplans.delete,731,"удаление записей",1,0,1,255,"2023-07-15 02:08:40",1,"2023-07-15 02:08:40",1
281,prodfacttypes.read,732,"просмотр записей",1,0,1,255,"2023-07-15 02:08:40",1,"2023-07-15 02:08:40",1
282,prodfacttypes.create,732,"создание записей",1,0,1,255,"2023-07-15 02:08:40",1,"2023-07-15 02:08:40",1
283,prodfacttypes.update,732,"изменение записей",1,0,1,255,"2023-07-15 02:08:40",1,"2023-07-15 02:08:40",1
284,prodfacttypes.delete,732,"удаление записей",1,0,1,255,"2023-07-15 02:08:40",1,"2023-07-15 02:08:40",1
285,prodplan_facts.read,733,"просмотр записей",1,0,1,255,"2023-07-15 02:08:40",1,"2023-07-15 02:08:40",1
286,prodplan_facts.create,733,"создание записей",1,0,1,255,"2023-07-15 02:08:40",1,"2023-07-15 02:08:40",1
287,prodplan_facts.update,733,"изменение записей",1,0,1,255,"2023-07-15 02:08:40",1,"2023-07-15 02:08:40",1
288,prodplan_facts.delete,733,"удаление записей",1,0,1,255,"2023-07-15 02:08:40",1,"2023-07-15 02:08:40",1
289,orgstaff.read,121,"просмотр записей",1,0,1,255,"2023-07-15 02:08:40",1,"2023-07-15 02:08:40",1
290,orgstaff.create,121,"создание записей",1,0,1,255,"2023-07-15 02:08:40",1,"2023-07-15 02:08:40",1
291,orgstaff.update,121,"изменение записей",1,0,1,255,"2023-07-15 02:08:40",1,"2023-07-15 02:08:40",1
292,orgstaff.delete,121,"удаление записей",1,0,1,255,"2023-07-15 02:08:40",1,"2023-07-15 02:08:40",1
293,buildobjs.read,466,"просмотр записей",1,0,1,255,"2023-07-15 02:08:40",1,"2023-07-15 02:08:40",1
294,buildobjs.create,466,"создание записей",1,0,1,255,"2023-07-15 02:08:40",1,"2023-07-15 02:08:40",1
295,buildobjs.update,466,"изменение записей",1,0,1,255,"2023-07-15 02:08:40",1,"2023-07-15 02:08:40",1
296,buildobjs.delete,466,"удаление записей",1,0,1,255,"2023-07-15 02:08:40",1,"2023-07-15 02:08:40",1
297,mchnrqsts.finapprove,483,бух.контроль,1,0,1,8,"2023-07-15 02:08:40",1,"2023-07-15 02:08:40",1
298,itmtypes.create,101,"Создание записей",1,0,1,2,"2023-07-15 02:08:40",1,"2023-07-15 02:08:40",1
299,buildopertypes.read,467,"просмотр записей",1,0,1,255,"2023-07-15 02:08:40",1,"2023-07-15 02:08:40",1
300,buildopertypes.create,467,"создание записей",1,0,1,255,"2023-07-15 02:08:40",1,"2023-07-15 02:08:40",1
301,buildopertypes.update,467,"изменение записей",1,0,1,255,"2023-07-15 02:08:40",1,"2023-07-15 02:08:40",1
302,buildopertypes.delete,467,"удаление записей",1,0,1,255,"2023-07-15 02:08:40",1,"2023-07-15 02:08:40",1
303,estdocitm_works.read,852,"просмотр записей",1,0,1,1,"2023-07-15 02:08:40",1,"2023-07-15 02:08:40",1
304,estdocitm_works.create,852,"создание записей",1,0,1,2,"2023-07-15 02:08:40",1,"2023-07-15 02:08:40",1
305,estdocitm_works.update,852,"изменение записей",1,0,1,3,"2023-07-15 02:08:40",1,"2023-07-15 02:08:40",1
306,estdocitm_works.delete,852,"удаление записей",1,0,1,4,"2023-07-15 02:08:40",1,"2023-07-15 02:08:40",1
307,estdoc_items.read,468,"просмотр записей",1,0,1,1,"2023-07-15 02:08:40",1,"2023-07-15 02:08:40",1
308,estdoc_items.create,468,"создание записей",1,0,1,2,"2023-07-15 02:08:40",1,"2023-07-15 02:08:40",1
309,estdoc_items.update,468,"изменение записей",1,0,1,3,"2023-07-15 02:08:40",1,"2023-07-15 02:08:40",1
310,estdoc_items.delete,468,"удаление записей",1,0,1,4,"2023-07-15 02:08:40",1,"2023-07-15 02:08:40",1
311,estdocitm_resources.read,469,"просмотр записей",1,0,1,1,"2023-07-15 02:08:40",1,"2023-07-15 02:08:40",1
314,estdocitm_resources.create,469,"создание записей",1,0,1,2,"2023-07-15 02:08:40",1,"2023-07-15 02:08:40",1
315,estdocitm_resources.update,469,"изменение записей",1,0,1,3,"2023-07-15 02:08:40",1,"2023-07-15 02:08:40",1
316,estdocitm_resources.delete,469,"удаление записей",1,0,1,4,"2023-07-15 02:08:40",1,"2023-07-15 02:08:40",1
317,estsoc_sections.read,853,"просмотр записей",1,0,1,1,"2023-07-15 02:08:40",1,"2023-07-15 02:08:40",1
318,estsoc_sections.create,853,"создание записей",1,0,1,2,"2023-07-15 02:08:40",1,"2023-07-15 02:08:40",1
319,estsoc_sections.update,853,"изменение записей",1,0,1,3,"2023-07-15 02:08:40",1,"2023-07-15 02:08:40",1
320,estsoc_sections.delete,853,"удаление записей",1,0,1,4,"2023-07-15 02:08:40",1,"2023-07-15 02:08:40",1
321,prodplan_items.read,736,"просмотр записей",1,0,1,1,"2023-07-15 02:08:40",1,"2023-07-15 02:08:40",1
322,prodplan_items.create,736,"создание записей",1,0,1,2,"2023-07-15 02:08:40",1,"2023-07-15 02:08:40",1
323,prodplan_items.update,736,"изменение записей",1,0,1,3,"2023-07-15 02:08:40",1,"2023-07-15 02:08:40",1
324,prodplan_items.delete,736,"удаление записей",1,0,1,4,"2023-07-15 02:08:40",1,"2023-07-15 02:08:40",1
325,buildobj_staffs.read,854,"Чтение записей",1,0,1,1,"2023-07-15 02:08:40",1,"2023-07-15 02:08:40",1
326,buildobj_staffs.create,854,"Создание записей",1,0,1,2,"2023-07-15 02:08:40",1,"2023-07-15 02:08:40",1
327,buildobj_staffs.update,854,"изменение записей",1,0,1,3,"2023-07-15 02:08:40",1,"2023-07-15 02:08:40",1
328,buildobj_staffs.delete,854,"Удаление записей",1,0,1,4,"2023-07-15 02:08:40",1,"2023-07-15 02:08:40",1
329,mchnrqsts.admindelete,483,"административное удаление записи",1,0,1,255,"2023-07-15 02:08:40",1,"2023-07-15 02:08:40",1
330,reports.read,855,"Чтение записей",1,0,1,1,"2023-07-15 02:08:40",1,"2023-07-15 02:08:40",1
331,reports.create,855,"Создание записей",1,0,1,2,"2023-07-15 02:08:40",1,"2023-07-15 02:08:40",1
332,reports.update,855,"изменение записей",1,0,1,3,"2023-07-15 02:08:40",1,"2023-07-15 02:08:40",1
333,reports.delete,855,"Удаление записей",1,0,1,4,"2023-07-15 02:08:40",1,"2023-07-15 02:08:40",1
334,mchnrqsts.reports,483,"доступ к реестрам (отчетам)",1,0,1,9,"2023-07-15 02:08:40",1,"2023-07-15 02:08:40",1
335,users.reports,3,"доступ к реестрам (отчетам)",1,0,1,5,"2023-07-15 02:08:40",1,"2023-07-15 02:08:40",1
336,meetings.read,856,"Чтение записей",1,0,1,1,"2023-07-15 02:08:40",1,"2023-07-15 02:08:40",1
337,meetings.create,856,"Создание записей",1,0,1,2,"2023-07-15 02:08:40",1,"2023-07-15 02:08:40",1
338,meetings.update,856,"изменение записей",1,0,1,3,"2023-07-15 02:08:40",1,"2023-07-15 02:08:40",1
339,meetings.delete,856,"Удаление записей",1,0,1,4,"2023-07-15 02:08:40",1,"2023-07-15 02:08:40",1
340,meeting_staffs.read,857,"Чтение записей",1,0,1,1,"2023-07-15 02:08:40",1,"2023-07-15 02:08:40",1
341,meeting_staffs.create,857,"Создание записей",1,0,1,2,"2023-07-15 02:08:40",1,"2023-07-15 02:08:40",1
342,meeting_staffs.update,857,"изменение записей",1,0,1,3,"2023-07-15 02:08:40",1,"2023-07-15 02:08:40",1
343,meeting_staffs.delete,857,"Удаление записей",1,0,1,4,"2023-07-15 02:08:40",1,"2023-07-15 02:08:40",1
344,meetings.view_all,856,"Видит все совещания",1,0,1,5,"2023-07-15 02:08:40",1,"2023-07-15 02:08:40",1
345,proj_categories.read,860,"Чтение записей",1,0,1,1,"2023-07-15 02:08:40",1,"2023-07-15 02:08:40",1
346,proj_categories.create,860,"Создание записей",1,0,1,2,"2023-07-15 02:08:40",1,"2023-07-15 02:08:40",1
347,proj_categories.update,860,"Изменение записей",1,0,1,3,"2023-07-15 02:08:40",1,"2023-07-15 02:08:40",1
348,proj_categories.delete,860,"Удаление записей",1,0,1,4,"2023-07-15 02:08:40",1,"2023-07-15 02:08:40",1
349,proj_statuses.read,861,"Чтение записей",1,0,1,1,"2023-07-15 02:08:40",1,"2023-07-15 02:08:40",1
350,proj_statuses.create,861,"Создание записей",1,0,1,2,"2023-07-15 02:08:40",1,"2023-07-15 02:08:40",1
351,proj_statuses.update,861,"Изменение записей",1,0,1,3,"2023-07-15 02:08:40",1,"2023-07-15 02:08:40",1
352,proj_statuses.delete,861,"Удаление записей",1,0,1,4,"2023-07-15 02:08:40",1,"2023-07-15 02:08:40",1
353,qchecks.read,862,"Чтение записей",1,0,1,1,"2023-07-15 02:08:40",1,"2023-07-15 02:08:40",1
354,qchecks.create,862,"Создание записей",1,0,1,2,"2023-07-15 02:08:40",1,"2023-07-15 02:08:40",1
355,qchecks.update,862,"Изменение записей",1,0,1,3,"2023-07-15 02:08:40",1,"2023-07-15 02:08:40",1
356,qchecks.delete,862,"Удаление записей",1,0,1,4,"2023-07-15 02:08:40",1,"2023-07-15 02:08:40",1
357,qcheck_items.read,863,"Чтение записей",1,0,1,1,"2023-07-15 02:08:40",1,"2023-07-15 02:08:40",1
358,qcheck_items.create,863,"Создание записей",1,0,1,2,"2023-07-15 02:08:40",1,"2023-07-15 02:08:40",1
359,qcheck_items.update,863,"Изменение записей",1,0,1,3,"2023-07-15 02:08:40",1,"2023-07-15 02:08:40",1
360,qcheck_items.delete,863,"Удаление записей",1,0,1,4,"2023-07-15 02:08:40",1,"2023-07-15 02:08:40",1
361,mchnrqsts.setoffbalance,483,"установить признак Внебалансовая заявка",1,0,1,6,"2023-07-15 02:08:40",1,"2023-07-15 02:08:40",1
362,orgstaff.all_orgs,121,"Доступ к данным любой компании",1,0,1,255,"2023-07-15 02:08:40",1,"2023-07-15 02:08:40",1
364,milestone_statuses.read,866,"Чтение записей",1,0,1,255,"2023-07-15 02:08:40",1,"2023-07-15 02:08:40",1
365,milestone_statuses.create,866,"Создание записей",1,0,1,255,"2023-07-15 02:08:40",1,"2023-07-15 02:08:40",1
366,milestone_statuses.update,866,"Изменение записей",1,0,1,255,"2023-07-15 02:08:40",1,"2023-07-15 02:08:40",1
367,milestone_statuses.delete,866,"Удаление записей",1,0,1,255,"2023-07-15 02:08:40",1,"2023-07-15 02:08:40",1
368,wrkplans.read,867,"Чтение записей",1,0,1,1,"2023-07-15 02:08:40",1,"2023-07-15 02:08:40",1
369,wrkplans.create,867,"Создание записей",1,0,1,2,"2023-07-15 02:08:40",1,"2023-07-15 02:08:40",1
370,wrkplans.update,867,"Изменение записей",1,0,1,3,"2023-07-15 02:08:40",1,"2023-07-15 02:08:40",1
371,wrkplans.delete,867,"Удаление записей",1,0,1,4,"2023-07-15 02:08:40",1,"2023-07-15 02:08:40",1
373,wrkplans.check,867,"Проверка отчета по исполнению плана",1,0,1,5,"2023-07-15 02:08:40",1,"2023-07-15 02:08:40",1
374,contract_prices.read,153,"Чтение записей",1,0,1,1,"2023-07-15 02:08:40",1,"2023-07-15 02:08:40",1
375,contract_prices.create,153,"Создание записей",1,0,1,2,"2023-07-15 02:08:40",1,"2023-07-15 02:08:40",1
376,contract_prices.update,153,"Изменение записей",1,0,1,3,"2023-07-15 02:08:40",1,"2023-07-15 02:08:40",1
377,contract_prices.delete,153,"Удаление записей",1,0,1,4,"2023-07-15 02:08:40",1,"2023-07-15 02:08:40",1
378,equiprqsts.read,870,"Чтение записей",1,0,1,1,"2023-07-15 02:08:40",1,"2023-07-15 02:08:40",1
379,equiprqsts.create,870,"Создание записей",1,0,1,2,"2023-07-15 02:08:40",1,"2023-07-15 02:08:40",1
380,equiprqsts.update,870,"Изменение записей",1,0,1,3,"2023-07-15 02:08:40",1,"2023-07-15 02:08:40",1
381,equiprqsts.delete,870,"Удаление записей",1,0,1,4,"2023-07-15 02:08:40",1,"2023-07-15 02:08:40",1
382,equiprqsts.confirm,870,"Проверка состава заявки",1,0,1,5,"2023-07-15 02:08:40",1,"2023-07-15 02:08:40",1
383,equiprqsts.approve,870,"Утверждение заявки",1,0,1,6,"2023-07-15 02:08:40",1,"2023-07-15 02:08:40",1
384,equiprqsts.process,870,"Обработка заявок (закупка)",1,1,1,7,"2023-07-15 02:08:40",1,"2023-07-15 02:08:40",1
385,equiprqsts.finlim,870,"Установка бюджета",1,0,1,8,"2023-07-15 02:08:40",1,"2023-07-15 02:08:40",1
386,bdgtacnttypes.read,875,"Чтение записей",1,0,1,1,"2023-07-15 02:08:40",1,"2023-07-15 02:08:40",1
387,bdgtacnttypes.create,875,"Создание записей",1,0,1,2,"2023-07-15 02:08:40",1,"2023-07-15 02:08:40",1
388,bdgtacnttypes.update,875,"Изменение записей",1,0,1,3,"2023-07-15 02:08:40",1,"2023-07-15 02:08:40",1
389,bdgtacnttypes.delete,875,"Удаление записей",1,0,1,4,"2023-07-15 02:08:40",1,"2023-07-15 02:08:40",1
390,budgets.read,876,"Чтение записей",1,0,1,1,"2023-07-15 02:08:40",1,"2023-07-15 02:08:40",1
391,budgets.create,876,"Создание записей",1,0,1,2,"2023-07-15 02:08:40",1,"2023-07-15 02:08:40",1
392,budgets.update,876,"Изменение записей",1,0,1,3,"2023-07-15 02:08:40",1,"2023-07-15 02:08:40",1
393,budgets.delete,876,"Удаление записей",1,0,1,4,"2023-07-15 02:08:40",1,"2023-07-15 02:08:40",1
394,budget_opers.read,878,"Чтение записей",1,0,1,1,"2023-07-15 02:08:40",1,"2023-07-15 02:08:40",1
395,budget_opers.create,878,"Создание записей",1,0,1,2,"2023-07-15 02:08:40",1,"2023-07-15 02:08:40",1
396,budget_opers.update,878,"Изменение записей",1,0,1,3,"2023-07-15 02:08:40",1,"2023-07-15 02:08:40",1
397,budget_opers.delete,878,"Удаление записей",1,0,1,4,"2023-07-15 02:08:40",1,"2023-07-15 02:08:40",1
398,budget_items.admindelete,877,"Административное удаление ( с дочерними записями)",1,0,1,5,"2023-07-15 02:08:40",1,"2023-07-15 02:08:40",1
399,equiprqsts.setbdgtacnts,870,"Согласование статей бюджета",1,0,1,6,"2023-07-15 02:08:40",1,"2023-07-15 02:08:40",1
400,equiprqsts.set_estprices,870,"Оценка стоимости заявки",1,0,1,5,"2023-07-15 02:08:40",1,"2023-07-15 02:08:40",1
401,posts.read,895,"Чтение записей",1,0,1,1,"2023-07-15 02:08:40",1,"2023-07-15 02:08:40",1
402,posts.create,895,"Создание записей",1,0,1,2,"2023-07-15 02:08:40",1,"2023-07-15 02:08:40",1
403,posts.update,895,"Изменение записей",1,0,1,3,"2023-07-15 02:08:40",1,"2023-07-15 02:08:40",1
404,posts.delete,895,"Удаление записей",1,0,1,4,"2023-07-15 02:08:40",1,"2023-07-15 02:08:40",1
405,posts.admin,895,Библиотекарь,1,0,1,5,"2023-07-15 02:08:40",1,"2023-07-15 02:08:40",1
406,org_acnts.read,115,"Чтение записей",1,0,1,1,"2023-07-15 02:08:40",1,"2023-07-15 02:08:40",1
407,org_acnts.create,115,"Создание записей",1,0,1,2,"2023-07-15 02:08:40",1,"2023-07-15 02:08:40",1
408,org_acnts.update,115,"Изменение записей",1,0,1,3,"2023-07-15 02:08:40",1,"2023-07-15 02:08:40",1
409,org_acnts.delete,115,"Удаление записей",1,0,1,4,"2023-07-15 02:08:40",1,"2023-07-15 02:08:40",1
410,orgplnpays.read,901,"Чтение записей",1,0,1,1,"2023-07-15 02:08:40",1,"2023-07-15 02:08:40",1
411,orgplnpays.create,901,"Создание записей",1,0,1,2,"2023-07-15 02:08:40",1,"2023-07-15 02:08:40",1
412,orgplnpays.update,901,"Изменение записей",1,0,1,3,"2023-07-15 02:08:40",1,"2023-07-15 02:08:40",1
413,orgplnpays.delete,901,"Удаление записей",1,0,1,4,"2023-07-15 02:08:40",1,"2023-07-15 02:08:40",1
414,orgplnpays.agr1,901,"Согласование от руководителя",1,0,1,5,"2023-07-15 02:08:40",1,"2023-07-15 02:08:40",1
415,orgplnpays.agr2,901,"Согласование от фин.служба",1,0,1,6,"2023-07-15 02:08:40",1,"2023-07-15 02:08:40",1
416,orgplnpays.regpay,901,"Регистрация факта оплаты",1,0,1,255,"2023-07-15 02:08:40",1,"2023-07-15 02:08:40",1
417,orgplnpay_items.read,902,"Чтение записей",1,0,1,1,"2023-07-15 02:08:40",1,"2023-07-15 02:08:40",1
418,orgplnpay_items.create,902,"Создание записей",1,0,1,2,"2023-07-15 02:08:40",1,"2023-07-15 02:08:40",1
419,orgplnpay_items.update,902,"Изменение записей",1,0,1,3,"2023-07-15 02:08:40",1,"2023-07-15 02:08:40",1
420,orgplnpay_items.delete,902,"Удаление записей",1,0,1,4,"2023-07-15 02:08:40",1,"2023-07-15 02:08:40",1
421,pay_categories.read,903,"Чтение записей",1,0,1,1,"2023-07-15 02:08:40",1,"2023-07-15 02:08:40",1
422,pay_categories.create,903,"Создание записей",1,0,1,2,"2023-07-15 02:08:40",1,"2023-07-15 02:08:40",1
423,pay_categories.update,903,"Изменение записей",1,0,1,3,"2023-07-15 02:08:40",1,"2023-07-15 02:08:40",1
424,pay_categories.delete,903,"Удаление записей",1,0,1,4,"2023-07-15 02:08:40",1,"2023-07-15 02:08:40",1
425,mchnrqsts.set_paytype,483,"Указывать тип оплаты: Нал или Б/н",1,0,1,10,"2023-07-15 02:08:40",1,"2023-07-15 02:08:40",1
426,news.read,904,"Чтение записей",1,0,1,1,"2023-07-15 02:08:40",1,"2023-07-15 02:08:40",1
427,news.create,904,"Создание записей",1,0,1,2,"2023-07-15 02:08:40",1,"2023-07-15 02:08:40",1
428,news.update,904,"Изменение записей",1,0,1,3,"2023-07-15 02:08:40",1,"2023-07-15 02:08:40",1
429,news.delete,904,"Удаление записей",1,0,1,4,"2023-07-15 02:08:40",1,"2023-07-15 02:08:40",1
430,newsbands.read,905,"Чтение записей",1,0,1,1,"2023-07-15 02:08:40",1,"2023-07-15 02:08:40",1
431,newsbands.create,905,"Создание записей",1,0,1,2,"2023-07-15 02:08:40",1,"2023-07-15 02:08:40",1
432,newsbands.update,905,"Изменение записей",1,0,1,3,"2023-07-15 02:08:40",1,"2023-07-15 02:08:40",1
433,newsbands.delete,905,"Удаление записей",1,0,1,4,"2023-07-15 02:08:40",1,"2023-07-15 02:08:40",1
434,equiprqst_expenses.read,873,"Чтение записей",1,0,1,1,"2023-07-15 02:08:40",1,"2023-07-15 02:08:40",1
435,equiprqst_expenses.create,873,"Создание записей",1,0,1,2,"2023-07-15 02:08:40",1,"2023-07-15 02:08:40",1
436,equiprqst_expenses.update,873,"Изменение записей",1,0,1,3,"2023-07-15 02:08:40",1,"2023-07-15 02:08:40",1
437,equiprqst_expenses.delete,873,"Удаление записей",1,0,1,4,"2023-07-15 02:08:40",1,"2023-07-15 02:08:40",1
438,orgacnt_sums.read,911,"Чтение записей",1,0,1,1,"2023-07-15 02:08:40",1,"2023-07-15 02:08:40",1
439,orgacnt_sums.create,911,"Создание записей",1,0,1,2,"2023-07-15 02:08:40",1,"2023-07-15 02:08:40",1
440,orgacnt_sums.update,911,"Изменение записей",1,0,1,3,"2023-07-15 02:08:40",1,"2023-07-15 02:08:40",1
441,orgacnt_sums.delete,911,"Удаление записей",1,0,1,4,"2023-07-15 02:08:40",1,"2023-07-15 02:08:40",1
442,invoices.read,915,"Чтение записей",1,0,1,1,"2023-07-15 02:08:40",1,"2023-07-15 02:08:40",1
443,invoices.create,915,"Создание записей",1,0,1,2,"2023-07-15 02:08:40",1,"2023-07-15 02:08:40",1
444,invoices.update,915,"Изменение записей",1,0,1,3,"2023-07-15 02:08:40",1,"2023-07-15 02:08:40",1
445,invoices.delete,915,"Удаление записей",1,0,1,4,"2023-07-15 02:08:40",1,"2023-07-15 02:08:40",1
446,invoices.send2pay,915,"Передать на оплату",1,0,1,5,"2023-07-15 02:08:40",1,"2023-07-15 02:08:40",1
447,orgacnt_sums.alldates,911,"Доступ к истории",1,0,1,6,"2023-07-15 02:08:40",1,"2023-07-15 02:08:40",1
448,equiprqsts.like_initiator,870,"Как инициатор",1,0,1,9,"2023-07-15 02:08:40",1,"2023-07-15 02:08:40",1
449,orgacnt_sums.allorgs,911,"Доступ к счетам всех организаций",1,0,1,7,"2023-07-15 02:08:40",1,"2023-07-15 02:08:40",1
450,orgplnpay_items.admindelete,902,"Административное удаление согласованной записи ( но не оплач",1,0,1,5,"2023-07-15 02:08:40",1,"2023-07-15 02:08:40",1
451,orgstaff.private_acs,121,"доступ к частной информации",1,0,1,6,"2023-07-15 02:08:40",1,"2023-07-15 02:08:40",1
452,docs.read,921,"Чтение записей",1,0,1,1,"2023-07-15 02:08:40",1,"2023-07-15 02:08:40",1
453,docs.create,921,"Создание записей",1,0,1,2,"2023-07-15 02:08:40",1,"2023-07-15 02:08:40",1
454,docs.update,921,"Изменение записей",1,0,1,3,"2023-07-15 02:08:40",1,"2023-07-15 02:08:40",1
455,docs.delete,921,"Удаление записей",1,0,1,4,"2023-07-15 02:08:40",1,"2023-07-15 02:08:40",1
456,doc_items.read,922,"Чтение записей",1,0,1,1,"2023-07-15 02:08:40",1,"2023-07-15 02:08:40",1
457,doc_items.create,922,"Создание записей",1,0,1,2,"2023-07-15 02:08:40",1,"2023-07-15 02:08:40",1
458,doc_items.update,922,"Изменение записей",1,0,1,3,"2023-07-15 02:08:40",1,"2023-07-15 02:08:40",1
459,doc_items.delete,922,"Удаление записей",1,0,1,4,"2023-07-15 02:08:40",1,"2023-07-15 02:08:40",1
460,docs101.read,931,"Чтение записей",1,0,1,1,"2023-07-15 02:08:40",1,"2023-07-15 02:08:40",1
461,docs101.create,931,"Создание записей",1,0,1,2,"2023-07-15 02:08:40",1,"2023-07-15 02:08:40",1
462,docs101.update,931,"Изменение записей",1,0,1,3,"2023-07-15 02:08:40",1,"2023-07-15 02:08:40",1
463,docs101.delete,931,"Удаление записей",1,0,1,4,"2023-07-15 02:08:40",1,"2023-07-15 02:08:40",1
464,doc101_items.read,932,"Чтение записей",1,0,1,1,"2023-07-15 02:08:40",1,"2023-07-15 02:08:40",1
465,doc101_items.create,932,"Создание записей",1,0,1,2,"2023-07-15 02:08:40",1,"2023-07-15 02:08:40",1
466,doc101_items.update,932,"Изменение записей",1,0,1,3,"2023-07-15 02:08:40",1,"2023-07-15 02:08:40",1
467,doc101_items.delete,932,"Удаление записей",1,0,1,4,"2023-07-15 02:08:40",1,"2023-07-15 02:08:40",1
468,invoices.allorgs,915,"доступ к документам всех организаций",1,0,1,6,"2023-07-15 02:08:40",1,"2023-07-15 02:08:40",1
469,eritm_m15s.read,883,"Чтение записей",1,0,1,1,"2023-07-15 02:08:40",1,"2023-07-15 02:08:40",1
470,eritm_m15s.create,883,"Создание записей",1,0,1,2,"2023-07-15 02:08:40",1,"2023-07-15 02:08:40",1
471,eritm_m15s.update,883,"Изменение записей",1,0,1,3,"2023-07-15 02:08:40",1,"2023-07-15 02:08:40",1
472,eritm_m15s.delete,883,"Удаление записей",1,0,1,4,"2023-07-15 02:08:40",1,"2023-07-15 02:08:40",1
473,m15docs.read,936,"Чтение записей",1,0,1,1,"2023-07-15 02:08:40",1,"2023-07-15 02:08:40",1
474,m15docs.create,936,"Создание записей",1,0,1,2,"2023-07-15 02:08:40",1,"2023-07-15 02:08:40",1
475,m15docs.update,936,"Изменение записей",1,0,1,3,"2023-07-15 02:08:40",1,"2023-07-15 02:08:40",1
476,m15docs.delete,936,"Удаление записей",1,0,1,4,"2023-07-15 02:08:40",1,"2023-07-15 02:08:40",1
477,buildobj_works.read,938,"Чтение записей",1,0,1,1,"2023-07-15 02:08:40",1,"2023-07-15 02:08:40",1
478,buildobj_works.create,938,"Создание записей",1,0,1,2,"2023-07-15 02:08:40",1,"2023-07-15 02:08:40",1
479,buildobj_works.update,938,"Изменение записей",1,0,1,3,"2023-07-15 02:08:40",1,"2023-07-15 02:08:40",1
480,buildobj_works.delete,938,"Удаление записей",1,0,1,4,"2023-07-15 02:08:40",1,"2023-07-15 02:08:40",1
482,orgplnpay_items.set_funding,902,"Установка признака наличия финансирования",1,0,1,6,"2023-07-15 02:08:40",1,"2023-07-15 02:08:40",1
483,equiprqsts.view_estprice,870,"просмотр сметной стоимости",1,0,1,255,"2023-07-15 02:08:40",1,"2023-07-15 02:08:40",1
484,invoices.allorgs_for_er,915,"просм. записей любой компании, если связ. с заявкой на мат.",1,0,1,7,"2023-07-15 02:08:40",1,"2023-07-15 02:08:40",1
485,mchnrqsts.any_initorg,483,"выбор любого заказчика",1,0,1,11,"2023-07-15 02:08:40",1,"2023-07-15 02:08:40",1
486,equiprqsts.view_stat,870,"просмотр статистики",1,0,1,9,"2023-07-15 02:08:40",1,"2023-07-15 02:08:40",1
487,events.read,951,"Чтение записей",1,0,1,1,"2023-07-15 02:08:40",1,"2023-07-15 02:08:40",1
488,events.create,951,"Создание записей",1,0,1,2,"2023-07-15 02:08:40",1,"2023-07-15 02:08:40",1
489,events.update,951,"Изменение записей",1,0,1,3,"2023-07-15 02:08:40",1,"2023-07-15 02:08:40",1
490,events.delete,951,"Удаление записей",1,0,1,4,"2023-07-15 02:08:40",1,"2023-07-15 02:08:40",1
491,contract_exes.read,154,"Чтение записей",1,0,1,1,"2023-07-15 02:08:40",1,"2023-07-15 02:08:40",1
492,contract_exes.create,154,"Создание записей",1,0,1,2,"2023-07-15 02:08:40",1,"2023-07-15 02:08:40",1
493,contract_exes.update,154,"Изменение записей",1,0,1,3,"2023-07-15 02:08:40",1,"2023-07-15 02:08:40",1
494,contract_exes.delete,154,"Удаление записей",1,0,1,4,"2023-07-15 02:08:40",1,"2023-07-15 02:08:40",1
495,equiprqsts.reg_dlvry,870,"регистрация получения на объекте",1,0,1,12,"2023-07-15 02:08:40",1,"2023-07-15 02:08:40",1
496,equiprqsts.adminbreakwork,870,"прерывание работы закупщика",1,0,1,11,"2023-07-15 02:08:40",1,"2023-07-15 02:08:40",1
497,dlvrydocs.read,933,"Чтение записей",1,0,1,1,"2023-07-15 02:08:40",1,"2023-07-15 02:08:40",1
498,dlvrydocs.create,933,"Создание записей",1,0,1,2,"2023-07-15 02:08:40",1,"2023-07-15 02:08:40",1
499,dlvrydocs.update,933,"Изменение записей",1,0,1,3,"2023-07-15 02:08:40",1,"2023-07-15 02:08:40",1
500,dlvrydocs.delete,933,"Удаление записей",1,0,1,4,"2023-07-15 02:08:40",1,"2023-07-15 02:08:40",1
501,bot_ri_lims.read,971,"Чтение записей",1,0,1,1,"2023-07-15 02:08:40",1,"2023-07-15 02:08:40",1
502,bot_ri_lims.create,971,"Создание записей",1,0,1,2,"2023-07-15 02:08:40",1,"2023-07-15 02:08:40",1
503,bot_ri_lims.update,971,"Изменение записей",1,0,1,3,"2023-07-15 02:08:40",1,"2023-07-15 02:08:40",1
504,bot_ri_lims.delete,971,"Удаление записей",1,0,1,4,"2023-07-15 02:08:40",1,"2023-07-15 02:08:40",1
505,contract_workplans.read,155,"Чтение записей",1,0,1,1,"2023-07-15 02:08:40",1,"2023-07-15 02:08:40",1
506,contract_workplans.create,155,"Создание записей",1,0,1,2,"2023-07-15 02:08:40",1,"2023-07-15 02:08:40",1
507,contract_workplans.update,155,"Изменение записей",1,0,1,3,"2023-07-15 02:08:40",1,"2023-07-15 02:08:40",1
508,contract_workplans.delete,155,"Удаление записей",1,0,1,4,"2023-07-15 02:08:40",1,"2023-07-15 02:08:40",1
509,equiprqsts.add2refitems,870,"доб. позиции в спр-к номенклатуры",1,0,1,99,"2023-07-15 02:08:40",1,"2023-07-15 02:08:40",1
510,orgacntperiods.read,117,"Чтение записей",1,0,1,1,"2023-07-15 02:08:40",1,"2023-07-15 02:08:40",1
511,orgacntperiods.create,117,"Создание записей",1,0,1,2,"2023-07-15 02:08:40",1,"2023-07-15 02:08:40",1
512,orgacntperiods.update,117,"Изменение записей",1,0,1,3,"2023-07-15 02:08:40",1,"2023-07-15 02:08:40",1
513,orgacntperiods.delete,117,"Удаление записей",1,0,1,4,"2023-07-15 02:08:40",1,"2023-07-15 02:08:40",1
514,orgacntperiods.admin,117,"лок. администратор",1,0,1,5,"2023-07-15 02:08:40",1,"2023-07-15 02:08:40",1
515,doctypes.read,920,"Чтение записей",1,0,1,1,"2023-07-15 02:08:40",1,"2023-07-15 02:08:40",1
516,doctypes.create,920,"Создание записей",1,0,1,2,"2023-07-15 02:08:40",1,"2023-07-15 02:08:40",1
517,doctypes.update,920,"Изменение записей",1,0,1,3,"2023-07-15 02:08:40",1,"2023-07-15 02:08:40",1
518,doctypes.delete,920,"Удаление записей",1,0,1,4,"2023-07-15 02:08:40",1,"2023-07-15 02:08:40",1
520,tasks.read,961,"Чтение записей",1,0,1,1,"2023-07-15 02:08:40",1,"2023-07-15 02:08:40",1
521,tasks.create,961,"Создание записей",1,0,1,2,"2023-07-15 02:08:40",1,"2023-07-15 02:08:40",1
522,tasks.update,961,"Изменение записей",1,0,1,3,"2023-07-15 02:08:40",1,"2023-07-15 02:08:40",1
523,tasks.delete,961,"Удаление записей",1,0,1,4,"2023-07-15 02:08:40",1,"2023-07-15 02:08:40",1
524,contracts.updregnum,151,"изменение рег. номера",1,0,1,5,"2023-07-15 02:08:40",1,"2023-07-15 02:08:40",1
525,org_extservices.create,981,"Создание записей",1,0,1,2,"2023-07-15 02:08:40",1,"2023-07-15 02:08:40",1
526,org_extservices.update,981,"Изменение записей",1,0,1,3,"2023-07-15 02:08:40",1,"2023-07-15 02:08:40",1
527,org_extservices.delete,981,"Удаление записей",1,0,1,4,"2023-07-15 02:08:40",1,"2023-07-15 02:08:40",1
528,extsrvc_sums.read,982,"Чтение записей",1,0,1,1,"2023-07-15 02:08:40",1,"2023-07-15 02:08:40",1
529,extsrvc_sums.create,982,"Создание записей",1,0,1,2,"2023-07-15 02:08:40",1,"2023-07-15 02:08:40",1
530,extsrvc_sums.update,982,"Изменение записей",1,0,1,3,"2023-07-15 02:08:40",1,"2023-07-15 02:08:40",1
531,extsrvc_sums.delete,982,"Удаление записей",1,0,1,4,"2023-07-15 02:08:40",1,"2023-07-15 02:08:40",1
532,baseworktypes.read,451,"Чтение записей",1,0,1,1,"2023-07-15 02:08:40",1,"2023-07-15 02:08:40",1
533,baseworktypes.create,451,"Создание записей",1,0,1,2,"2023-07-15 02:08:40",1,"2023-07-15 02:08:40",1
534,baseworktypes.update,451,"Изменение записей",1,0,1,3,"2023-07-15 02:08:40",1,"2023-07-15 02:08:40",1
535,baseworktypes.delete,451,"Удаление записей",1,0,1,4,"2023-07-15 02:08:40",1,"2023-07-15 02:08:40",1
536,org_extservices.read,981,"Чтение записей",1,0,1,1,"2023-07-15 02:08:40",1,"2023-07-15 02:08:40",1
537,orgplnpay_items.already_pay,902,"Установка состояния Оплачен ранее",1,0,1,7,"2023-07-15 02:08:40",1,"2023-07-15 02:08:40",1
538,grantdocs.read,991,"Чтение записей",1,0,1,1,"2023-07-15 02:08:40",1,"2023-07-15 02:08:40",1
539,grantdocs.create,991,"Создание записей",1,0,1,2,"2023-07-15 02:08:40",1,"2023-07-15 02:08:40",1
540,grantdocs.update,991,"Изменение записей",1,0,1,3,"2023-07-15 02:08:40",1,"2023-07-15 02:08:40",1
541,grantdocs.delete,991,"Удаление записей",1,0,1,4,"2023-07-15 02:08:40",1,"2023-07-15 02:08:40",1
542,adverts.read,907,"Чтение записей",1,0,1,1,"2023-07-15 02:08:40",1,"2023-07-15 02:08:40",1
543,adverts.create,907,"Создание записей",1,0,1,2,"2023-07-15 02:08:40",1,"2023-07-15 02:08:40",1
544,adverts.update,907,"Изменение записей",1,0,1,3,"2023-07-15 02:08:40",1,"2023-07-15 02:08:40",1
545,adverts.delete,907,"Удаление записей",1,0,1,4,"2023-07-15 02:08:40",1,"2023-07-15 02:08:40",1
546,org_extservices.make_pay,981,"Оплата поставщику услуги",1,0,1,5,"2023-07-15 02:08:40",1,"2023-07-15 02:08:40",1
547,invoices.make_child_bill,915,"Передача счета на перевыставление",1,0,1,8,"2023-07-15 02:08:40",1,"2023-07-15 02:08:40",1
548,jobtimesheets.read,1101,"Чтение записей",1,0,1,1,"2023-07-15 02:08:40",1,"2023-07-15 02:08:40",1
549,jobtimesheets.create,1101,"Создание записей",1,0,1,2,"2023-07-15 02:08:40",1,"2023-07-15 02:08:40",1
550,jobtimesheets.update,1101,"Изменение записей",1,0,1,3,"2023-07-15 02:08:40",1,"2023-07-15 02:08:40",1
551,jobtimesheets.delete,1101,"Удаление записей",1,0,1,4,"2023-07-15 02:08:40",1,"2023-07-15 02:08:40",1
552,jts_items.read,1102,"Чтение записей",1,0,1,1,"2023-07-15 02:08:40",1,"2023-07-15 02:08:40",1
553,jts_items.create,1102,"Создание записей",1,0,1,2,"2023-07-15 02:08:40",1,"2023-07-15 02:08:40",1
554,jts_items.update,1102,"Изменение записей",1,0,1,3,"2023-07-15 02:08:40",1,"2023-07-15 02:08:40",1
555,jts_items.delete,1102,"Удаление записей",1,0,1,4,"2023-07-15 02:08:40",1,"2023-07-15 02:08:40",1
556,viewpoints.read,1111,"Чтение записей",1,0,1,1,"2023-07-15 02:08:40",1,"2023-07-15 02:08:40",1
557,viewpoints.create,1111,"Создание записей",1,0,1,2,"2023-07-15 02:08:40",1,"2023-07-15 02:08:40",1
558,viewpoints.update,1111,"Изменение записей",1,0,1,3,"2023-07-15 02:08:40",1,"2023-07-15 02:08:40",1
559,viewpoints.delete,1111,"Удаление записей",1,0,1,4,"2023-07-15 02:08:40",1,"2023-07-15 02:08:40",1
560,vp_photos.read,1112,"Чтение записей",1,0,1,1,"2023-07-15 02:08:40",1,"2023-07-15 02:08:40",1
561,vp_photos.create,1112,"Создание записей",1,0,1,2,"2023-07-15 02:08:40",1,"2023-07-15 02:08:40",1
562,vp_photos.update,1112,"Изменение записей",1,0,1,3,"2023-07-15 02:08:40",1,"2023-07-15 02:08:40",1
563,vp_photos.delete,1112,"Удаление записей",1,0,1,4,"2023-07-15 02:08:40",1,"2023-07-15 02:08:40",1
568,wrkreps.read,1131,"Чтение записей",1,0,1,1,"2023-07-15 02:08:40",1,"2023-07-15 02:08:40",1
569,wrkreps.create,1131,"Создание записей",1,0,1,2,"2023-07-15 02:08:40",1,"2023-07-15 02:08:40",1
570,wrkreps.update,1131,"Изменение записей",1,0,1,3,"2023-07-15 02:08:40",1,"2023-07-15 02:08:40",1
571,wrkreps.delete,1131,"Удаление записей",1,0,1,4,"2023-07-15 02:08:40",1,"2023-07-15 02:08:40",1
572,acs.hr,1,"доступ к информации ОК",9,0,1,1,"2023-07-15 02:08:40",1,"2023-07-15 02:08:40",1
573,acs.read,1501,"Чтение записей",1,0,1,1,"2023-07-15 02:08:40",1,"2023-07-15 02:08:40",1
574,acs.create,1501,"Создание записей",9,0,1,2,"2023-07-15 02:08:40",1,"2023-07-15 02:08:40",1
575,acs.update,1501,"Изменение записей",9,0,1,3,"2023-07-15 02:08:40",1,"2023-07-15 02:08:40",1
576,acs.delete,1501,"Удаление записей",9,0,1,4,"2023-07-15 02:08:40",1,"2023-07-15 02:08:40",1
577,acs.admin,1501,"администрирование пользователей",9,0,1,255,"2023-07-15 02:08:40",1,"2023-07-15 02:08:40",1
578,user_acs.read,1502,"Чтение записей",1,0,1,1,"2023-07-15 02:08:40",1,"2023-07-15 02:08:40",1
579,user_acs.create,1502,"Создание записей",1,0,1,2,"2023-07-15 02:08:40",1,"2023-07-15 02:08:40",1
580,user_acs.update,1502,"Изменение записей",1,0,1,3,"2023-07-15 02:08:40",1,"2023-07-15 02:08:40",1
581,user_acs.delete,1502,"Удаление записей",1,0,1,4,"2023-07-15 02:08:40",1,"2023-07-15 02:08:40",1
582,obj_staffs.read,1601,"Чтение записей",1,0,1,1,"2023-07-15 02:08:40",1,"2023-07-15 02:08:40",1
583,obj_staffs.create,1601,"Создание записей",1,0,1,2,"2023-07-15 02:08:40",1,"2023-07-15 02:08:40",1
584,obj_staffs.update,1601,"Изменение записей",1,0,1,3,"2023-07-15 02:08:40",1,"2023-07-15 02:08:40",1
585,obj_staffs.delete,1601,"Удаление записей",1,0,1,4,"2023-07-15 02:08:40",1,"2023-07-15 02:08:40",1
586,documents.read,1701,"Чтение записей",1,0,1,1,"2023-07-15 02:08:40",1,"2023-07-15 02:08:40",1
587,documents.create,1701,"Создание записей",1,0,1,2,"2023-07-15 02:08:40",1,"2023-07-15 02:08:40",1
588,documents.update,1701,"Изменение записей",1,0,1,3,"2023-07-15 02:08:40",1,"2023-07-15 02:08:40",1
589,documents.delete,1701,"Удаление записей",1,0,1,4,"2023-07-15 02:08:40",1,"2023-07-15 02:08:40",1
590,stforders.read,1202,"Чтение записей",1,0,1,1,"2023-07-15 02:08:40",1,"2023-07-15 02:08:40",1
591,stforders.create,1202,"Создание записей",1,0,1,2,"2023-07-15 02:08:40",1,"2023-07-15 02:08:40",1
592,stforders.update,1202,"Изменение записей",1,0,1,3,"2023-07-15 02:08:40",1,"2023-07-15 02:08:40",1
593,stforders.delete,1202,"Удаление записей",1,0,1,4,"2023-07-15 02:08:40",1,"2023-07-15 02:08:40",1
594,org_caselists.read,1711,"Чтение записей",1,0,1,1,"2023-07-15 02:08:40",1,"2023-07-15 02:08:40",1
595,org_caselists.create,1711,"Создание записей",1,0,1,2,"2023-07-15 02:08:40",1,"2023-07-15 02:08:40",1
596,org_caselists.update,1711,"Изменение записей",1,0,1,3,"2023-07-15 02:08:40",1,"2023-07-15 02:08:40",1
597,org_caselists.delete,1711,"Удаление записей",1,0,1,4,"2023-07-15 02:08:40",1,"2023-07-15 02:08:40",1
598,objfiles.load_anysize,11,"загружать файлы более 10МБ",1,0,1,5,"2023-07-15 02:08:40",1,"2023-07-15 02:08:40",1
599,documents.supervisor,1701,"Видит любые документы",1,0,1,5,"2023-07-15 02:08:40",1,"2023-07-15 02:08:40",1
600,mchn_raids.read,1106,"Чтение записей",1,0,1,1,"2023-07-15 02:08:40",1,"2023-07-15 02:08:40",1
601,mchn_raids.create,1106,"Создание записей",1,0,1,2,"2023-07-15 02:08:40",1,"2023-07-15 02:08:40",1
602,mchn_raids.update,1106,"Изменение записей",1,0,1,3,"2023-07-15 02:08:40",1,"2023-07-15 02:08:40",1
603,mchn_raids.delete,1106,"Удаление записей",1,0,1,4,"2023-07-15 02:08:40",1,"2023-07-15 02:08:40",1
604,mchn_raids.manager,1106,Менеджер,1,0,1,7,"2023-07-15 02:08:40",1,"2023-07-15 02:08:40",1
605,driver_works.read,1141,"Чтение записей",1,0,1,1,"2023-07-15 02:08:40",1,"2023-07-15 02:08:40",1
606,driver_works.create,1141,"Создание записей",1,0,1,2,"2023-07-15 02:08:40",1,"2023-07-15 02:08:40",1
607,driver_works.update,1141,"Изменение записей",1,0,1,3,"2023-07-15 02:08:40",1,"2023-07-15 02:08:40",1
608,driver_works.delete,1141,"Удаление записей",1,0,1,4,"2023-07-15 02:08:40",1,"2023-07-15 02:08:40",1
609,mchn_raids.set_lockdate,1106,"Блокировка периода",1,0,1,255,"2023-07-15 02:08:40",1,"2023-07-15 02:08:40",1
610,driver_works.set_lockdate,1141,"Блокировка периода",1,0,1,255,"2023-07-15 02:08:40",1,"2023-07-15 02:08:40",1
611,paydocs.set_lockdate,520,"Блокировка периода",1,0,1,255,"2023-07-15 02:08:40",1,"2023-07-15 02:08:40",1
612,mchn_raids.admindelete,1106,"Административное удаление записей",1,0,1,5,"2023-07-15 02:08:40",1,"2023-07-15 02:08:40",1
613,stf_salaries.read,1208,"Чтение записей",1,0,1,1,"2023-07-15 02:08:40",1,"2023-07-15 02:08:40",1
614,stf_salaries.create,1208,"Создание записей",1,0,1,2,"2023-07-15 02:08:40",1,"2023-07-15 02:08:40",1
615,stf_salaries.update,1208,"Изменение записей",1,0,1,3,"2023-07-15 02:08:40",1,"2023-07-15 02:08:40",1
616,stf_salaries.delete,1208,"Удаление записей",1,0,1,4,"2023-07-15 02:08:40",1,"2023-07-15 02:08:40",1
617,wrhdocs.set_lockdate,204,"Блокировка периода",1,0,1,24,"2023-07-15 02:08:40",1,"2023-07-15 02:08:40",1
618,wrhdocs.admindelete,204,"административное удаление записей",1,0,1,6,"2023-07-15 02:08:40",1,"2023-07-15 02:08:40",1
619,chargetypes.read,1210,"Чтение записей",1,0,1,1,"2023-07-15 02:08:40",1,"2023-07-15 02:08:40",1
620,chargetypes.create,1210,"Создание записей",1,0,1,2,"2023-07-15 02:08:40",1,"2023-07-15 02:08:40",1
621,chargetypes.update,1210,"Изменение записей",1,0,1,3,"2023-07-15 02:08:40",1,"2023-07-15 02:08:40",1
622,chargetypes.delete,1210,"Удаление записей",1,0,1,4,"2023-07-15 02:08:40",1,"2023-07-15 02:08:40",1
623,org_charges.read,1211,"Чтение записей",1,0,1,1,"2023-07-15 02:08:40",1,"2023-07-15 02:08:40",1
624,org_charges.create,1211,"Создание записей",1,0,1,2,"2023-07-15 02:08:40",1,"2023-07-15 02:08:40",1
625,org_charges.update,1211,"Изменение записей",1,0,1,3,"2023-07-15 02:08:40",1,"2023-07-15 02:08:40",1
626,org_charges.delete,1211,"Удаление записей",1,0,1,4,"2023-07-15 02:08:40",1,"2023-07-15 02:08:40",1
627,stf_charges.read,1212,"Чтение записей",1,0,1,1,"2023-07-15 02:08:40",1,"2023-07-15 02:08:40",1
628,stf_charges.create,1212,"Создание записей",1,0,1,2,"2023-07-15 02:08:40",1,"2023-07-15 02:08:40",1
629,stf_charges.update,1212,"Изменение записей",1,0,1,3,"2023-07-15 02:08:40",1,"2023-07-15 02:08:40",1
630,stf_charges.delete,1212,"Удаление записей",1,0,1,4,"2023-07-15 02:08:40",1,"2023-07-15 02:08:40",1
631,stf_chrg_calcs.read,1213,"Чтение записей",1,0,1,1,"2023-07-15 02:08:40",1,"2023-07-15 02:08:40",1
632,stf_chrg_calcs.create,1213,"Создание записей",1,0,1,2,"2023-07-15 02:08:40",1,"2023-07-15 02:08:40",1
633,stf_chrg_calcs.update,1213,"Изменение записей",1,0,1,3,"2023-07-15 02:08:40",1,"2023-07-15 02:08:40",1
634,stf_chrg_calcs.delete,1213,"Удаление записей",1,0,1,4,"2023-07-15 02:08:40",1,"2023-07-15 02:08:40",1
635,refitems.cmpnd_approve,105,"Согласование/Разсогласование состава товара",1,0,1,255,"2023-07-15 02:08:40",1,"2023-07-15 02:08:40",1
636,ri_compounds.read,147,"Чтение записей",1,0,1,1,"2023-07-15 02:08:40",1,"2023-07-15 02:08:40",1
637,ri_compounds.create,147,"Создание записей",1,0,1,2,"2023-07-15 02:08:40",1,"2023-07-15 02:08:40",1
638,ri_compounds.update,147,"Изменение записей",1,0,1,3,"2023-07-15 02:08:40",1,"2023-07-15 02:08:40",1
639,ri_compounds.delete,147,"Удаление записей",1,0,1,4,"2023-07-15 02:08:40",1,"2023-07-15 02:08:40",1
640,ri_compounds.approve,147,"Согласование и разсогласование состава",1,0,1,5,"2023-07-15 02:08:40",1,"2023-07-15 02:08:40",1
641,mchn_raids.ot_1,1106,"раздел Самосвальные перевозки",1,0,1,255,"2023-07-15 02:08:40",1,"2023-07-15 02:08:40",1
642,mchn_raids.ot_2,1106,"раздел Перевозка бетонной смеси",1,0,1,255,"2023-07-15 02:08:40",1,"2023-07-15 02:08:40",1
643,mchn_raids.ot_3,1106,"раздел Тральные перевозки",1,0,1,255,"2023-07-15 02:08:40",1,"2023-07-15 02:08:40",1
644,mchn_raids.ot_4,1106,"раздел Манипуляторы, подъем/перевозка груза",1,0,1,255,"2023-07-15 02:08:40",1,"2023-07-15 02:08:40",1
645,mchn_raids.ot_5,1106,"раздел Землеройно-транспортные работы",1,0,1,255,"2023-07-15 02:08:40",1,"2023-07-15 02:08:40",1
646,mchn_raids.ot_6,1106,"раздел Перевозка топлива (Топливозаправщики)",1,0,1,255,"2023-07-15 02:08:40",1,"2023-07-15 02:08:40",1
647,payrolltypes.read,1221,"Чтение записей",1,0,1,1,"2023-07-22 00:54:53",1,"2023-07-22 00:54:53",1
648,payrolltypes.create,1221,"Создание записей",1,0,1,2,"2023-07-22 00:54:53",1,"2023-07-22 00:54:53",1
649,payrolltypes.update,1221,"Изменение записей",1,0,1,3,"2023-07-22 00:54:53",1,"2023-07-22 00:54:53",1
650,payrolltypes.delete,1221,"Удаление записей",1,0,1,4,"2023-07-22 00:54:53",1,"2023-07-22 00:54:53",1
651,stf_payrolltypes.read,1225,"Чтение записей",1,0,1,1,"2023-07-22 00:55:13",1,"2023-07-22 00:55:13",1
652,stf_payrolltypes.create,1225,"Создание записей",1,0,1,2,"2023-07-22 00:55:13",1,"2023-07-22 00:55:13",1
653,stf_payrolltypes.update,1225,"Изменение записей",1,0,1,3,"2023-07-22 00:55:13",1,"2023-07-22 00:55:13",1
654,stf_payrolltypes.delete,1225,"Удаление записей",1,0,1,4,"2023-07-22 00:55:13",1,"2023-07-22 00:55:13",1
655,acl_roles.read,1551,"Чтение записей",1,0,1,1,"2023-07-30 05:41:06",1,"2023-07-30 05:41:06",1
656,acl_roles.create,1551,"Создание записей",1,0,1,2,"2023-07-30 05:41:06",1,"2023-07-30 05:41:06",1
657,acl_roles.update,1551,"Изменение записей",1,0,1,3,"2023-07-30 05:41:06",1,"2023-07-30 05:41:06",1
658,acl_roles.delete,1551,"Удаление записей",1,0,1,4,"2023-07-30 05:41:06",1,"2023-07-30 05:41:06",1
659,fuelcards.read,561,"Чтение записей",1,0,1,1,"2023-09-23 02:54:06",1,"2023-09-23 02:54:06",1
660,fuelcards.create,561,"Создание записей",1,0,1,2,"2023-09-23 02:54:06",1,"2023-09-23 02:54:06",1
661,fuelcards.update,561,"Изменение записей",1,0,1,3,"2023-09-23 02:54:06",1,"2023-09-23 02:54:06",1
662,fuelcards.delete,561,"Удаление записей",1,0,1,4,"2023-09-23 02:54:06",1,"2023-09-23 02:54:06",1
