id,parid,code,name,active,ordr,model_class,acl_sysobjid,acl_sysobjcode,created_at,created_by,updated_at,updated_by
1,NULL,private_room,"Личный кабинет клиента",1,100,NULL,NULL,NULL,"2021-10-26 23:43:45",1,"2021-10-26 23:43:45",1
2,NULL,SysObjs,"системные объекты (sysObjs)",0,999999,NULL,NULL,NULL,"2021-10-26 23:43:45",1,"2021-10-26 23:43:45",1
3,NULL,Users,"Справочник пользователей (Users)",1,999999,NULL,NULL,NULL,"2021-10-26 23:43:45",1,"2021-10-26 23:43:45",1
4,2,SysFuncs,"системные функции/права (sysFuncs)",1,999999,NULL,NULL,NULL,"2021-10-26 23:43:45",1,"2021-10-26 23:43:45",1
5,2,SysRoles,"типы системных ролей пользователей (sysRoles)",0,999999,NULL,NULL,NULL,"2021-10-26 23:43:45",1,"2021-10-26 23:43:45",1
6,6,sysRoleFuncs,"состав прав системных ролей (sysRoleFuncs)",0,999999,NULL,NULL,NULL,"2021-10-26 23:43:45",1,"2021-10-26 23:43:45",1
7,NULL,usrSysRoles,"роли пользователей (usrSysRoles)",0,999999,NULL,NULL,NULL,"2021-10-26 23:43:45",1,"2021-10-26 23:43:45",1
8,NULL,usrSysRights,"права пользователей (usrSysRights)",1,999999,NULL,NULL,NULL,"2021-10-26 23:43:45",1,"2021-10-26 23:43:45",1
9,NULL,FlagTypes,"Типы флагов (FlagTypes)",1,999999,NULL,NULL,NULL,"2021-10-26 23:43:45",1,"2021-10-26 23:43:45",1
10,NULL,objflags,"состояние/флаги объектов (objFlags)",1,999999,objflag,NULL,NULL,"2021-10-26 23:43:45",1,"2021-10-26 23:43:45",1
11,NULL,objfiles,"файлы, связанные с объектами",1,999999,objfile,NULL,NULL,"2021-10-26 23:43:45",1,"2021-10-26 23:43:45",1
12,NULL,SysActions,"Действия, обработки",1,999999,NULL,NULL,NULL,"2021-10-26 23:43:45",1,"2021-10-26 23:43:45",1
13,NULL,PrefTypes,"Типы преференций (PrefTypes)",1,999999,NULL,NULL,NULL,"2021-10-26 23:43:45",1,"2021-10-26 23:43:45",1
14,NULL,ObjPrefs,"Префернеции пользователей/клиентов/... (ObjPrefs)",1,999999,NULL,NULL,NULL,"2021-10-26 23:43:45",1,"2021-10-26 23:43:45",1
15,NULL,Pages,Страницы,1,999999,NULL,NULL,NULL,"2021-10-26 23:43:45",1,"2021-10-26 23:43:45",1
21,NULL,ImportFiles,"Файлы с внешними данными",1,999999,NULL,NULL,NULL,"2021-10-26 23:43:45",1,"2021-10-26 23:43:45",1
31,NULL,ExtSystems,"Внешние системы",1,999999,NULL,NULL,NULL,"2021-10-26 23:43:45",1,"2021-10-26 23:43:45",1
32,NULL,ObjExtIds,"Идентификаторы объектов во внешних системах",1,999999,NULL,NULL,NULL,"2021-10-26 23:43:45",1,"2021-10-26 23:43:45",1
33,NULL,extsys_sysobjs,"Получатели данных из внешних систем",1,999999,NULL,NULL,NULL,"2021-10-26 23:43:45",1,"2021-10-26 23:43:45",1
34,NULL,usrsysright_orgs,"Ограничения прав по субъектам организаций",1,8,NULL,NULL,NULL,"2021-10-26 23:43:45",1,"2021-10-26 23:43:45",1
99,NULL,paytypes,"Типы платежей",1,99,paytype,NULL,NULL,"2021-10-29 05:17:54",1,"2021-10-29 05:17:54",1
100,NULL,producttypes,"Виды номенклатуры (услуга, товар, ...)",0,999999,NULL,NULL,NULL,"2021-10-26 23:43:45",1,"2021-10-26 23:43:45",1
101,105,ItmTypes,"Справочник категорий товаров (ItmTypes)",1,999999,NULL,NULL,NULL,"2021-10-26 23:43:45",1,"2021-10-26 23:43:45",1
102,101,ItmSubTypes,"Справочник подкатегорий товаров (ItmSubTypes)",0,999999,NULL,NULL,NULL,"2021-10-26 23:43:45",1,"2021-10-26 23:43:45",1
103,105,SpecInfoTypes,"Справочник спец-характеристик товаров (SpecInfoTypes)",0,999999,NULL,NULL,NULL,"2021-10-26 23:43:45",1,"2021-10-26 23:43:45",1
104,105,Brands,"Товарные бренды",0,999999,NULL,NULL,NULL,"2021-10-26 23:43:45",1,"2021-10-26 23:43:45",1
105,NULL,refitems,"Справочник товаров (номенклатура)",1,999999,refitem,NULL,NULL,"2021-10-26 23:43:45",1,"2021-10-26 23:43:45",1
106,NULL,Catalog,"Каталог товаров",0,999999,NULL,NULL,NULL,"2021-10-26 23:43:45",1,"2021-10-26 23:43:45",1
107,NULL,SaleActions,"Акции по продаже товаров",0,999999,NULL,NULL,NULL,"2021-10-26 23:43:45",1,"2021-10-26 23:43:45",1
108,NULL,SA_Items,"Список товаров, участвующих в акции",0,999999,NULL,NULL,NULL,"2021-10-26 23:43:45",1,"2021-10-26 23:43:45",1
109,NULL,places,Места,1,109,place,NULL,org,"2021-10-26 23:43:45",1,"2021-10-26 23:43:45",1
111,NULL,Orgs,"Справочник контрагентов (Orgs)",1,200,org,NULL,NULL,"2021-10-26 23:43:45",1,"2021-10-26 23:43:45",1
112,111,OrgDogs,"Договоры с контрагентами (OrgDogs)",1,210,NULL,NULL,NULL,"2021-10-26 23:43:45",1,"2021-10-26 23:43:45",1
113,NULL,OrgExtIDs,"Идентификаторы организации во внешних системах",1,999999,NULL,NULL,NULL,"2021-10-26 23:43:45",1,"2021-10-26 23:43:45",1
114,111,org_saldos,"Сальдо операций с контрагентом",0,999999,NULL,NULL,NULL,"2021-10-26 23:43:45",1,"2021-10-26 23:43:45",1
115,111,org_acnts,"расчетные счета организации",1,115,NULL,NULL,NULL,"2021-10-26 23:43:45",1,"2021-10-26 23:43:45",1
116,111,org_places,"Офисы (организации)",1,999999,NULL,NULL,NULL,"2021-10-26 23:43:45",1,"2021-10-26 23:43:45",1
117,111,orgacntperiods,"Учетные периоды организации",1,117,orgacntperiod,NULL,NULL,"2021-10-26 23:43:45",1,"2021-10-26 23:43:45",1
118,111,orgdeps,"Подразделения организации",1,118,orgdep,NULL,NULL,"2021-10-26 23:43:45",1,"2021-10-26 23:43:45",1
119,118,orgposts,"Должности организации/подразделения",1,119,orgpost,NULL,NULL,"2021-10-26 23:43:45",1,"2021-10-26 23:43:45",1
121,111,orgstaff,"Справочник сотрудников (Staff)",1,999999,orgstaff,NULL,orgstaff,"2021-10-26 23:43:45",1,"2021-10-26 23:43:45",1
122,111,org_curators,"Кураторы клиентов",1,999999,NULL,NULL,NULL,"2021-10-26 23:43:45",1,"2021-10-26 23:43:45",1
123,111,OrgItmDiscounts,"Скидки для клиента на товар (orgItmDiscounts)",1,999999,NULL,NULL,NULL,"2021-10-26 23:43:45",1,"2021-10-26 23:43:45",1
124,NULL,TaxSystems,"Системы налогообложения юр-лиц",1,999999,NULL,NULL,NULL,"2021-10-26 23:43:45",1,"2021-10-26 23:43:45",1
125,111,OrgTaxSys,"Система налогообложения организации (с историей)",1,999999,NULL,NULL,NULL,"2021-10-26 23:43:45",1,"2021-10-26 23:43:45",1
126,NULL,UserOrgs,"Представляемые пользователем организации",1,999999,NULL,NULL,NULL,"2021-10-26 23:43:45",1,"2021-10-26 23:43:45",1
127,111,org_MngrBonuses,"% вознаграждения менеджера за продажи клиенту",1,999999,NULL,NULL,NULL,"2021-10-26 23:43:45",1,"2021-10-26 23:43:45",1
128,NULL,user_assistants,Помощники,1,128,user_assistant,NULL,NULL,"2021-10-26 23:43:45",1,"2021-10-26 23:43:45",1
131,NULL,Orders,"Заказ клиента (Orders)",1,999999,NULL,NULL,NULL,"2021-10-26 23:43:45",1,"2021-10-26 23:43:45",1
132,NULL,OrdItems,"состав заказа клиента (OrdItems)",1,999999,NULL,NULL,NULL,"2021-10-26 23:43:45",1,"2021-10-26 23:43:45",1
133,NULL,OrdStaff,"Работники по заказу (ordStaff)",1,999999,NULL,NULL,NULL,"2021-10-26 23:43:45",1,"2021-10-26 23:43:45",1
134,NULL,OrdScanLst,"Данные сверки состава заказа, полученные с ТСД",1,999999,NULL,NULL,NULL,"2021-10-26 23:43:45",1,"2021-10-26 23:43:45",1
135,NULL,OrdPays,"Платежи заказа",0,9999,NULL,NULL,NULL,"2021-10-26 23:43:45",1,"2021-10-26 23:43:45",1
139,NULL,Basket,"Корзина заказа",1,999999,NULL,NULL,NULL,"2021-10-26 23:43:45",1,"2021-10-26 23:43:45",1
141,105,ri_AltNames,"Альтернативные названия позиций прайслиста",1,999999,NULL,NULL,NULL,"2021-10-26 23:43:45",1,"2021-10-26 23:43:45",1
142,105,ri_SpecInfo,"Специфические характеристика позиций прайслиста",1,999999,NULL,NULL,NULL,"2021-10-26 23:43:45",1,"2021-10-26 23:43:45",1
143,105,ri_options,"Опции/варианты номенклатуры",0,9999,NULL,NULL,NULL,"2021-10-26 23:43:45",1,"2021-10-26 23:43:45",1
144,105,ri_units,"Допустимые ЕИ, и их соотношение",0,9999,NULL,NULL,NULL,"2021-10-26 23:43:45",1,"2021-10-26 23:43:45",1
145,105,ri_estprices,"Предложения поставщиков",1,9999,ri_estprice,105,refitems,"2021-10-26 23:43:45",1,"2021-10-26 23:43:45",1
146,105,ri_org_prices,"Цены поставщиков",1,146,ri_org_price,NULL,refitems,"2021-11-28 04:34:27",1,"2021-11-28 04:34:27",1
151,NULL,contracts,"Договоры с контрагентами",1,151,contract,NULL,NULL,"2021-10-26 23:43:45",1,"2021-10-26 23:43:45",1
152,151,contract_orgs,"Участники договора",1,152,NULL,NULL,contracts,"2021-10-26 23:43:45",1,"2021-10-26 23:43:45",1
153,151,contract_prices,"Цены контракта на номенклатуру ",1,153,NULL,NULL,NULL,"2021-10-26 23:43:45",1,"2021-10-26 23:43:45",1
154,151,contract_exes,"Исполнение контракта",1,154,contract_exe,NULL,NULL,"2021-10-26 23:43:45",1,"2021-10-26 23:43:45",1
155,151,contract_workplans,"Планы производства работ по контракту",1,155,contract_workplan,NULL,NULL,"2021-10-26 23:43:45",1,"2021-10-26 23:43:45",1
156,151,contract_reviews,"Согласования договора",1,156,contract_review,NULL,NULL,"2021-10-26 23:43:45",1,"2021-10-26 23:43:45",1
157,156,contrrev_users,"Участники листа согласования",1,157,contrrev_user,NULL,NULL,"2021-10-26 23:43:45",1,"2021-10-26 23:43:45",1
158,NULL,regnum_srcs,"Источники номеров регистрации для договоров",1,151,regnum_src,NULL,contracts,"2021-10-26 23:43:45",1,"2021-10-26 23:43:45",1
201,NULL,Stock,"Учет склада",1,999999,NULL,NULL,NULL,"2021-10-26 23:43:45",1,"2021-10-26 23:43:45",1
202,NULL,wrhs,"Справочник складов (wrhs)",1,999999,NULL,NULL,NULL,"2021-10-26 23:43:45",1,"2021-10-26 23:43:45",1
203,NULL,wrhdoctypes,"Типы документов складского учета (wrhDocTypes",0,999999,NULL,NULL,NULL,"2021-10-26 23:43:45",1,"2021-10-26 23:43:45",1
204,NULL,wrhdocs,"Документы складского учета (wrhDocs)",1,999999,NULL,NULL,NULL,"2021-10-26 23:43:45",1,"2021-10-26 23:43:45",1
205,NULL,wrhdoclst,"состав документов складского учета",1,999999,NULL,204,wrhdocs,"2021-10-26 23:43:45",1,"2021-10-26 23:43:45",1
206,NULL,wrh_stocks,"Текущий товарный запас складов",0,999999,NULL,NULL,NULL,"2021-10-26 23:43:45",1,"2021-10-26 23:43:45",1
208,NULL,org_wrhs,"Склады, обслуживающие клиента",1,999999,NULL,NULL,NULL,"2021-10-26 23:43:45",1,"2021-10-26 23:43:45",1
209,NULL,wrhdocnums,"Форматы и текущие значения номеров документов по владельцам",1,999999,NULL,NULL,NULL,"2021-10-26 23:43:45",1,"2021-10-26 23:43:45",1
210,202,wrh_boxes,"Группы материалов для склада",1,1,wrh_box,NULL,wrhs,"2021-10-26 23:43:45",1,"2021-10-26 23:43:45",1
221,NULL,Delivery,"Модуль Доставка",1,999999,NULL,NULL,NULL,"2021-10-26 23:43:45",1,"2021-10-26 23:43:45",1
301,NULL,unittypes,"Справочник Единиц измерения ",1,999999,unittype,NULL,NULL,"2021-10-26 23:43:45",1,"2021-10-26 23:43:45",1
400,NULL,FiscalSys,"Фискальная подсистема",0,999999,NULL,NULL,NULL,"2021-10-26 23:43:45",1,"2021-10-26 23:43:45",1
402,NULL,PayForms,"Справочник форм оплаты",1,999999,NULL,NULL,NULL,"2021-10-26 23:43:45",1,"2021-10-26 23:43:45",1
404,NULL,VATRates,"Справочник ставок НДС",1,999999,NULL,NULL,NULL,"2021-10-26 23:43:45",1,"2021-10-26 23:43:45",1
406,NULL,FiscalDocTypes,"Справочник типов фискальных документов",1,999999,NULL,NULL,NULL,"2021-10-26 23:43:45",1,"2021-10-26 23:43:45",1
408,NULL,KKT_Types,"Типы кассовых аппаратов",1,999999,NULL,NULL,NULL,"2021-10-26 23:43:45",1,"2021-10-26 23:43:45",1
422,NULL,FR_Servers,"Серверы обслуживания ККТ",1,999999,NULL,NULL,NULL,"2021-10-26 23:43:45",1,"2021-10-26 23:43:45",1
424,NULL,Cash_Boxes,"Кассовые рабочие места",0,999999,NULL,NULL,NULL,"2021-10-26 23:43:45",1,"2021-10-26 23:43:45",1
426,NULL,KKTs,"Кассовые аппараты",0,999999,NULL,NULL,NULL,"2021-10-26 23:43:45",1,"2021-10-26 23:43:45",1
428,NULL,CB_KKTs,"Связь ККТ с кассовыми местами",1,999999,NULL,NULL,NULL,"2021-10-26 23:43:45",1,"2021-10-26 23:43:45",1
430,NULL,KKT_Sessions,"Кассовые смены ККТ",0,999999,NULL,NULL,NULL,"2021-10-26 23:43:45",1,"2021-10-26 23:43:45",1
442,NULL,FiscalDocs,"Список фискальных документов (чеков)",1,999999,NULL,NULL,NULL,"2021-10-26 23:43:45",1,"2021-10-26 23:43:45",1
444,NULL,fsd_Items,"позиции чека",1,999999,NULL,NULL,NULL,"2021-10-26 23:43:45",1,"2021-10-26 23:43:45",1
446,NULL,fsd_PaySums,"оплата чека",1,999999,NULL,NULL,NULL,"2021-10-26 23:43:45",1,"2021-10-26 23:43:45",1
451,NULL,baseworktypes,"Базовые виды работ",1,451,baseworktype,NULL,NULL,"2021-10-26 23:43:45",1,"2021-10-26 23:43:45",1
461,NULL,projects,Проекты,1,333,NULL,NULL,NULL,"2021-10-26 23:43:45",1,"2021-10-26 23:43:45",1
462,NULL,projbudgetitems,"Бюджетные статьи проекта",1,9998,NULL,NULL,NULL,"2021-10-26 23:43:45",1,"2021-10-26 23:43:45",1
463,NULL,pbi_opers,"Операции по статьям бюджета",1,9999,NULL,NULL,NULL,"2021-10-26 23:43:45",1,"2021-10-26 23:43:45",1
465,NULL,estdocs,Сметы,1,9999,NULL,NULL,NULL,"2021-10-26 23:43:45",1,"2021-10-26 23:43:45",1
466,NULL,buildobjs,"Объекты строительных работ",1,466,buildobj,NULL,NULL,"2021-10-26 23:43:45",1,"2021-10-26 23:43:45",1
467,466,buildopertypes,"Виды работ объекта",1,467,NULL,NULL,NULL,"2021-10-26 23:43:45",1,"2021-10-26 23:43:45",1
468,465,estdoc_items,"Состав сметы",1,9999,NULL,NULL,NULL,"2021-10-26 23:43:45",1,"2021-10-26 23:43:45",1
469,468,estdocitm_resources,"Ресурсы позиции сметы",1,9999,NULL,NULL,NULL,"2021-10-26 23:43:45",1,"2021-10-26 23:43:45",1
471,NULL,wrktyperefbooks,"Справочники видов работ",1,999,NULL,NULL,NULL,"2021-10-26 23:43:45",1,"2021-10-26 23:43:45",1
472,NULL,wtrb_items,"позиции справочника видов работ",1,999,NULL,NULL,NULL,"2021-10-26 23:43:45",1,"2021-10-26 23:43:45",1
481,NULL,mchntypes,"Типы спец-техники",1,9999,NULL,NULL,NULL,"2021-10-26 23:43:45",1,"2021-10-26 23:43:45",1
482,NULL,machines,Спец-техника,1,99999,NULL,NULL,NULL,"2021-10-26 23:43:45",1,"2021-10-26 23:43:45",1
483,NULL,mchnrqsts,"Заявки на использование спец-техники",1,888,NULL,NULL,NULL,"2021-10-26 23:43:45",1,"2021-10-26 23:43:45",1
484,NULL,mchncontrorgs,"Организации-владельцы техники",1,484,mchncontrorg,481,machines,"2021-10-26 23:43:45",1,"2021-10-26 23:43:45",1
485,483,mchnrqst_facts,"факт. данные о работе техники",1,485,mchnrqst_fact,NULL,NULL,"2021-10-26 23:43:45",1,"2021-10-26 23:43:45",1
486,482,mchn_opertypes,"Операции, выполнемые спецтехникой",1,482,mchn_opertype,481,machines,"2021-10-26 23:43:45",1,"2021-10-26 23:43:45",1
487,486,mot_prices,"Расценки на эксплуатацию техники в режиме",1,487,mot_price,153,contract_prices,"2021-10-26 23:43:45",1,"2021-10-26 23:43:45",1
488,482,mchn_works,"Регистрация работы спецтехники (для финансового учета)",1,482,mchn_work,NULL,NULL,"2021-10-26 23:43:45",1,"2021-10-26 23:43:45",1
491,NULL,indicators,"Показатели деятельности",1,9999,NULL,NULL,NULL,"2021-10-26 23:43:45",1,"2021-10-26 23:43:45",1
492,NULL,indi_facts,"фактич. значения показателей",1,9999,NULL,NULL,NULL,"2021-10-26 23:43:45",1,"2021-10-26 23:43:45",1
501,NULL,mFinDocs,"Работа с финансовыми (учетными) документами",1,999999,NULL,NULL,NULL,"2021-10-26 23:43:45",1,"2021-10-26 23:43:45",1
502,NULL,FinDocTypes,"Справочник типов фин.документов",1,999999,NULL,NULL,NULL,"2021-10-26 23:43:45",1,"2021-10-26 23:43:45",1
503,NULL,FinDocNums,"Источник номеров для фин.документов",1,999999,NULL,NULL,NULL,"2021-10-26 23:43:45",1,"2021-10-26 23:43:45",1
504,NULL,FinDocs,"Финансовые (Учетные) документы",0,999999,NULL,NULL,NULL,"2021-10-26 23:43:45",1,"2021-10-26 23:43:45",1
505,NULL,FinDocItems,"Состав документов",1,999999,NULL,NULL,NULL,"2021-10-26 23:43:45",1,"2021-10-26 23:43:45",1
510,NULL,pd_srctypes,"Тип источника для платежа",1,999999,NULL,NULL,NULL,"2021-10-26 23:43:45",1,"2021-10-26 23:43:45",1
520,NULL,paydocs,"Платежные документы",1,9999,NULL,NULL,NULL,"2021-10-26 23:43:45",1,"2021-10-26 23:43:45",1
535,461,proj_mailboxes,"Ящики электронной почты для проекта",1,23,mailbox,NULL,NULL,"2021-10-26 23:43:45",1,"2021-10-26 23:43:45",1
536,461,proj_mails,"Входящие письма проекта",1,24,mail_msg,NULL,NULL,"2021-10-26 23:43:45",1,"2021-10-26 23:43:45",1
600,NULL,Analitics,"Аналитические отчеты",1,999999,NULL,NULL,NULL,"2021-10-26 23:43:45",1,"2021-10-26 23:43:45",1
601,NULL,rep01,"Сводка плана продаж",1,999999,NULL,NULL,NULL,"2021-10-26 23:43:45",1,"2021-10-26 23:43:45",1
602,NULL,rep02,"Анализ продаж",1,999999,NULL,NULL,NULL,"2021-10-26 23:43:45",1,"2021-10-26 23:43:45",1
603,NULL,rep03,"Частота продажи товаров",1,999999,NULL,NULL,NULL,"2021-10-26 23:43:45",1,"2021-10-26 23:43:45",1
604,NULL,rep04,"список товаров с заданной частотностью продажи",1,999999,NULL,NULL,NULL,"2021-10-26 23:43:45",1,"2021-10-26 23:43:45",1
605,NULL,rep05,"Анализ товарных запасов",1,999999,NULL,NULL,NULL,"2021-10-26 23:43:45",1,"2021-10-26 23:43:45",1
701,NULL,SalePlans,"Планы продаж",0,999999,NULL,NULL,NULL,"2021-10-26 23:43:45",1,"2021-10-26 23:43:45",1
731,NULL,prodplans,"Планы производства работ",1,999,NULL,NULL,NULL,"2021-10-26 23:43:45",1,"2021-10-26 23:43:45",1
732,NULL,prodfacttypes,"Типы фактов для планов работ",1,1,NULL,NULL,NULL,"2021-10-26 23:43:45",1,"2021-10-26 23:43:45",1
733,NULL,prodplan_facts,"Фактические данные исполнения плана работ",1,3,NULL,NULL,NULL,"2021-10-26 23:43:45",1,"2021-10-26 23:43:45",1
734,NULL,prodplan_estimates,"Оценки выполнения плана",1,4,NULL,NULL,NULL,"2021-10-26 23:43:45",1,"2021-10-26 23:43:45",1
735,NULL,prodplan_depends,"зависимости планов продаж",1,5,NULL,NULL,NULL,"2021-10-26 23:43:45",1,"2021-10-26 23:43:45",1
736,731,prodplan_items,"Состав плана выполнения работ",1,2,NULL,NULL,NULL,"2021-10-26 23:43:45",1,"2021-10-26 23:43:45",1
801,NULL,ObjLogs,"Журналы значимых событий для объектов системы",1,999999,NULL,NULL,NULL,"2021-10-26 23:43:45",1,"2021-10-26 23:43:45",1
802,NULL,Jobs,"system jobs",1,999999,NULL,NULL,NULL,"2021-10-26 23:43:45",1,"2021-10-26 23:43:45",1
803,NULL,Failed_Jobs,"failed system jobs",1,999999,NULL,NULL,NULL,"2021-10-26 23:43:45",1,"2021-10-26 23:43:45",1
805,NULL,TranslitTypes,"Типы транслитерации",0,999999,NULL,NULL,NULL,"2021-10-26 23:43:45",1,"2021-10-26 23:43:45",1
806,805,Translits,"Правила для транслитерации",0,999999,NULL,NULL,NULL,"2021-10-26 23:43:45",1,"2021-10-26 23:43:45",1
810,NULL,obj_msgs,"Сообщения, связанные с объектами системы",1,999999,NULL,NULL,NULL,"2021-10-26 23:43:45",1,"2021-10-26 23:43:45",1
811,810,ObjMsg_Rcpts,"Получатели сообщений",1,999999,NULL,NULL,NULL,"2021-10-26 23:43:45",1,"2021-10-26 23:43:45",1
816,NULL,obj_links,"Взаимосвязи данных",1,999999,NULL,NULL,NULL,"2021-10-26 23:43:45",1,"2021-10-26 23:43:45",1
818,NULL,objtags,"Тэги/этикетки данных",1,999999,NULL,NULL,NULL,"2021-10-26 23:43:45",1,"2021-10-26 23:43:45",1
821,NULL,GrpTypes,"Типы групп",1,999999,NULL,NULL,NULL,"2021-10-26 23:43:45",1,"2021-10-26 23:43:45",1
822,NULL,Groups,"Группы (объектов)",1,999999,NULL,NULL,NULL,"2021-10-26 23:43:45",1,"2021-10-26 23:43:45",1
823,NULL,GrpItems,"Состав групп (объектов)",1,999999,NULL,NULL,NULL,"2021-10-26 23:43:45",1,"2021-10-26 23:43:45",1
827,NULL,ImportGroups,"Группы для регулирования импорта данных",1,999999,NULL,NULL,NULL,"2021-10-26 23:43:45",1,"2021-10-26 23:43:45",1
831,NULL,makedocs,"Документы регистрации выполнения операций по заказам",0,9999,NULL,NULL,NULL,"2021-10-26 23:43:45",1,"2021-10-26 23:43:45",1
832,NULL,makedocitems,"Состав документов исполнения операций",0,9999,NULL,NULL,NULL,"2021-10-26 23:43:45",1,"2021-10-26 23:43:45",1
843,NULL,ri_QtyMarkups,"Цена товара в зависимости от кол-ва продажи",0,9999,NULL,NULL,NULL,"2021-10-26 23:43:45",1,"2021-10-26 23:43:45",1
851,NULL,articles,Статьи,1,9999,NULL,NULL,NULL,"2021-10-26 23:43:45",1,"2021-10-26 23:43:45",1
852,468,estdocitm_works,"Работы позиции сметы",1,9999,NULL,NULL,NULL,"2021-10-26 23:43:45",1,"2021-10-26 23:43:45",1
853,465,estdoc_sections,"Разделы состава сметы",1,999,NULL,NULL,NULL,"2021-10-26 23:43:45",1,"2021-10-26 23:43:45",1
854,466,buildobj_staffs,"Ответственные сотрудники объекта/проекта",1,999,NULL,NULL,NULL,"2021-10-26 23:43:45",1,"2021-10-26 23:43:45",1
855,NULL,reports,"Отчеты, реестры",1,999,NULL,NULL,NULL,"2021-10-26 23:43:45",1,"2021-10-26 23:43:45",1
856,NULL,meetings,Совещания,1,3,NULL,NULL,NULL,"2021-10-26 23:43:45",1,"2021-10-26 23:43:45",1
857,856,meeting_staffs,"Совещание: Участники",1,4,NULL,NULL,NULL,"2021-10-26 23:43:45",1,"2021-10-26 23:43:45",1
858,856,meeting_items,"Совещание: Повестка",1,5,NULL,NULL,NULL,"2021-10-26 23:43:45",1,"2021-10-26 23:43:45",1
859,858,meeting_executors,"Совещание: Исполнители решений",1,6,NULL,NULL,NULL,"2021-10-26 23:43:45",1,"2021-10-26 23:43:45",1
860,461,proj_categories,"Категории проектов",1,999,NULL,NULL,NULL,"2021-10-26 23:43:45",1,"2021-10-26 23:43:45",1
861,461,proj_statuses,"Статусы проектов",1,998,NULL,NULL,NULL,"2021-10-26 23:43:45",1,"2021-10-26 23:43:45",1
862,NULL,qchecks,"Проверки стройконтроля - документ",1,990,NULL,NULL,NULL,"2021-10-26 23:43:45",1,"2021-10-26 23:43:45",1
863,862,qcheck_items,"Проверки стройконтроля - состав",1,991,qcheck_item,NULL,NULL,"2021-10-26 23:43:45",1,"2021-10-26 23:43:45",1
866,NULL,milestone_statuses,"Статусы вех",1,999999,NULL,NULL,NULL,"2021-10-26 23:43:45",1,"2021-10-26 23:43:45",1
867,NULL,wrkplans,"Планы работ",1,1,NULL,NULL,NULL,"2021-10-26 23:43:45",1,"2021-10-26 23:43:45",1
868,867,wrkplan_msgs,"Сообщения к плану работ",1,2,NULL,NULL,NULL,"2021-10-26 23:43:45",1,"2021-10-26 23:43:45",1
869,868,wrkplanmsg_staffs,"Получатели сообщения плана работ",1,3,NULL,NULL,NULL,"2021-10-26 23:43:45",1,"2021-10-26 23:43:45",1
870,NULL,equiprqsts,"Заявки на материалы и оборудование",1,2,equiprqst,NULL,NULL,"2021-10-26 23:43:45",1,"2021-10-26 23:43:45",1
871,870,equiprqst_staffs,"Участники обработки заявки",1,3,NULL,NULL,NULL,"2021-10-26 23:43:45",1,"2021-10-26 23:43:45",1
872,870,equiprqst_items,"Состав заявки на материалы и оборудование",1,4,NULL,NULL,equiprqsts,"2021-10-26 23:43:45",1,"2021-10-26 23:43:45",1
873,870,equiprqst_expenses,"Доп. затраты по заявке на материалы",1,873,NULL,NULL,NULL,"2021-10-26 23:43:45",1,"2021-10-26 23:43:45",1
874,870,eritm_offers,"Предложения по позиции заявки на материалы",1,874,NULL,NULL,NULL,"2021-10-26 23:43:45",1,"2021-10-26 23:43:45",1
875,NULL,bdgtacnttypes,"Типы статей прихода/расхода бюджета",1,875,NULL,NULL,NULL,"2021-10-26 23:43:45",1,"2021-10-26 23:43:45",1
876,NULL,budgets,Бюджеты,1,876,NULL,NULL,NULL,"2021-10-26 23:43:45",1,"2021-10-26 23:43:45",1
877,876,budget_items,"Состав бюджета",1,878,NULL,NULL,NULL,"2021-10-26 23:43:45",1,"2021-10-26 23:43:45",1
878,876,budget_opers,"Операции с бюджетом (приход/расход)",1,879,NULL,NULL,NULL,"2021-10-26 23:43:45",1,"2021-10-26 23:43:45",1
879,876,budget_itmsums,"Плановые и фактические суммы бюджета",1,877,NULL,NULL,NULL,"2021-10-26 23:43:45",1,"2021-10-26 23:43:45",1
880,NULL,user_notices,"Уведомления для пользователей",1,1,NULL,NULL,NULL,"2021-10-26 23:43:45",1,"2021-10-26 23:43:45",1
881,NULL,budget_facts,"Фактические суммы бюджета",1,878,NULL,NULL,NULL,"2021-10-26 23:43:45",1,"2021-10-26 23:43:45",1
882,870,eritm_supplies,"Поставки материалов по заказам",1,874,NULL,NULL,NULL,"2021-10-26 23:43:45",1,"2021-10-26 23:43:45",1
883,882,ersup_m15s,"Передача позиции заявки по формам М15",1,883,NULL,NULL,NULL,"2021-10-26 23:43:45",1,"2021-10-26 23:43:45",1
884,NULL,ersup_deliveries,"Получение на стр. объекте",1,882,ersup_delivery,NULL,NULL,"2021-10-26 23:43:45",1,"2021-10-26 23:43:45",1
886,3,mychat_users,"Пользователи системы MyChat",1,886,mychat_user,NULL,NULL,"2021-10-26 23:43:45",1,"2021-10-26 23:43:45",1
887,NULL,user_templates,"Шаблоны данных для новых записей",1,887,user_template,NULL,NULL,"2021-10-26 23:43:45",1,"2021-10-26 23:43:45",1
891,895,postCategories,"Категории для публикаций",1,891,NULL,NULL,NULL,"2021-10-26 23:43:45",1,"2021-10-26 23:43:45",1
892,895,postTags,"Тэги для публикаций",1,892,NULL,NULL,NULL,"2021-10-26 23:43:45",1,"2021-10-26 23:43:45",1
895,NULL,posts,"Публикации блога",1,890,post,NULL,NULL,"2021-10-26 23:43:45",1,"2021-10-26 23:43:45",1
896,895,post_readers,"Читатели публикации",1,893,NULL,NULL,NULL,"2021-10-26 23:43:45",1,"2021-10-26 23:43:45",1
897,895,post_marks,"Оценки публикации",0,999999,NULL,NULL,NULL,"2021-10-26 23:43:45",1,"2021-10-26 23:43:45",1
898,895,post_tags,"Теги публикации",0,999999,NULL,NULL,NULL,"2021-10-26 23:43:45",1,"2021-10-26 23:43:45",1
901,NULL,orgplnpays,"План платежей организации",1,901,NULL,NULL,NULL,"2021-10-26 23:43:45",1,"2021-10-26 23:43:45",1
902,901,orgplnpay_items,"Позиции плана платежей",1,902,NULL,NULL,NULL,"2021-10-26 23:43:45",1,"2021-10-26 23:43:45",1
903,NULL,pay_categories,"Категории оплат",1,903,NULL,NULL,NULL,"2021-10-26 23:43:45",1,"2021-10-26 23:43:45",1
904,NULL,news,Новости,1,904,news,NULL,NULL,"2021-10-26 23:43:45",1,"2021-10-26 23:43:45",1
905,903,newsbands,"Ленты новостей",1,905,NULL,NULL,NULL,"2021-10-26 23:43:45",1,"2021-10-26 23:43:45",1
907,NULL,adverts,Объявления,1,907,advert,NULL,NULL,"2021-10-26 23:43:45",1,"2021-10-26 23:43:45",1
911,115,orgacnt_sums,"Остатки на р/счете",1,116,NULL,NULL,NULL,"2021-10-26 23:43:45",1,"2021-10-26 23:43:45",1
915,NULL,invoices,"Счета на оплату",1,915,invoice,NULL,NULL,"2021-10-26 23:43:45",1,"2021-10-26 23:43:45",1
916,NULL,invoice_items,"Состав счета/УПД/сч/фактуры",1,916,NULL,NULL,NULL,"2021-10-26 23:43:45",1,"2021-10-26 23:43:45",1
917,NULL,invoice_payments,"Оплаты счета",1,917,NULL,NULL,NULL,"2021-10-26 23:43:45",1,"2021-10-26 23:43:45",1
920,NULL,doctypes,"Типы документов",1,920,NULL,NULL,NULL,"2021-10-26 23:43:45",1,"2021-10-26 23:43:45",1
921,NULL,docs,Документы,1,921,NULL,NULL,NULL,"2021-10-26 23:43:45",1,"2021-10-26 23:43:45",1
922,NULL,doc_items,"Состав документа",1,922,NULL,NULL,NULL,"2021-10-26 23:43:45",1,"2021-10-26 23:43:45",1
925,920,docimpformats,"Форматы импортируемых файлов документов",1,925,docimpformat,NULL,NULL,"2021-10-26 23:43:45",1,"2021-10-26 23:43:45",1
931,NULL,docs101,"Журналы производства",1,931,doc101,NULL,NULL,"2021-10-26 23:43:45",1,"2021-10-26 23:43:45",1
932,NULL,doc101_items,"Состав журнала производства",1,932,NULL,NULL,NULL,"2021-10-26 23:43:45",1,"2021-10-26 23:43:45",1
933,NULL,dlvrydocs,"Документы подтверждающие получение материалов на объекте1",1,933,dlvrydoc,NULL,NULL,"2021-10-26 23:43:45",1,"2021-10-26 23:43:45",1
936,NULL,m15docs,"Формы М15",1,936,m15doc,NULL,NULL,"2021-10-26 23:43:45",1,"2021-10-26 23:43:45",1
938,466,buildobj_works,"Работы на объектах",1,938,buildobj_work,NULL,NULL,"2021-10-26 23:43:45",1,"2021-10-26 23:43:45",1
939,466,buildobj_wrhs,"Склады для объекта",1,939,buildobj_wrh,NULL,wrhs,"2021-10-26 23:43:45",1,"2021-10-26 23:43:45",1
942,NULL,obj_approvals,"Согласование документов/записей",1,942,NULL,NULL,NULL,"2021-10-26 23:43:45",1,"2021-10-26 23:43:45",1
951,NULL,events,"События организации",1,951,event,NULL,NULL,"2021-10-26 23:43:45",1,"2021-10-26 23:43:45",1
961,NULL,tasks,Задачи,1,1,task,NULL,NULL,"2021-10-26 23:43:45",1,"2021-10-26 23:43:45",1
963,961,task_users,"Работники по заявке",1,963,task_user,961,tasks,"2021-10-26 23:43:45",1,"2021-10-26 23:43:45",1
965,961,task_reports,"Отчеты по задаче",1,965,NULL,NULL,NULL,"2021-10-26 23:43:45",1,"2021-10-26 23:43:45",1
971,467,bot_ri_lims,"Ведомость материалов для вида работ",1,467,bot_ri_lim,NULL,NULL,"2021-10-26 23:43:45",1,"2021-10-26 23:43:45",1
973,155,cwp_works,"План работ для вида работ",1,467,cwp_work,NULL,NULL,"2021-10-26 23:43:45",1,"2021-10-26 23:43:45",1
974,973,cwp_work_links,"Взаимосвязи работ",1,973,cwp_work_link,NULL,NULL,"2021-10-26 23:43:45",1,"2021-10-26 23:43:45",1
975,973,cwp_work_equips,"Ресурсы, необходимые для работы",1,973,cwp_work_equip,NULL,NULL,"2021-10-26 23:43:45",1,"2021-10-26 23:43:45",1
976,973,cwp_facts,"Фактические объемы выполнения работ",1,976,cwp_fact,NULL,NULL,"2021-10-26 23:43:45",1,"2021-10-26 23:43:45",1
981,NULL,org_extservices,"Услуги провайдеров, используемые организацией",1,981,org_extservice,NULL,NULL,"2021-10-26 23:43:45",1,"2021-10-26 23:43:45",1
982,981,extsrvc_sums,"Сумма предоплаты на субсчетах провайдера услуг",1,982,extsrvc_sum,NULL,NULL,"2021-10-26 23:43:45",1,"2021-10-26 23:43:45",1
991,NULL,grantdocs,Доверенности,1,991,grantdoc,NULL,NULL,"2021-10-26 23:43:45",1,"2021-10-26 23:43:45",1
1101,NULL,jobtimesheets,"Учет рабочего времени",1,1101,jobtimesheet,NULL,NULL,"2021-10-26 23:43:45",1,"2021-10-26 23:43:45",1
1102,1101,jts_items,"период работы сотрудника",1,1102,jts_item,NULL,NULL,"2021-10-26 23:43:45",1,"2021-10-26 23:43:45",1
1103,1101,jts_machines,"период работы спецтехники",1,1103,jts_machine,NULL,NULL,"2021-10-26 23:43:45",1,"2021-10-26 23:43:45",1
1104,1101,jts_violations,"Нарушения при выполнении рабрт",1,1104,jts_violation,NULL,NULL,"2021-10-26 23:43:45",1,"2021-10-26 23:43:45",1
1105,1101,jts_mchn_visits,jts_mchn_visits,1,1105,jts_mchn_visit,NULL,NULL,"2021-10-26 23:43:45",1,"2021-10-26 23:43:45",1
1106,NULL,mchn_raids,"Рейсы транспорта",1,1106,mchn_raid,NULL,NULL,"2021-10-26 23:43:45",1,"2021-10-26 23:43:45",1
1107,NULL,driver_works,"Учет работы водителей",1,1107,driver_work,NULL,driver_works,"2021-11-27 06:50:50",1,"2021-11-27 06:50:50",1
1108,NULL,cursias,"Карты учета работы спецтехники и механизмов",1,1108,cursia,NULL,jobtimesheets,"2021-10-26 23:43:45",1,"2021-10-26 23:43:45",1
1109,NULL,dw_breaks,"Список простоев в работе водителя",1,1109,dw_break,NULL,driver_works,"2021-11-28 06:05:27",1,"2021-11-28 06:05:27",1
1111,466,viewpoints,"Точки обзора строительного объекта",1,1111,viewpoint,NULL,NULL,"2021-10-26 23:43:45",1,"2021-10-26 23:43:45",1
1112,1111,vp_photos,"Фото снятые из точек обзора",1,1112,vp_photo,NULL,NULL,"2021-10-26 23:43:45",1,"2021-10-26 23:43:45",1
1115,466,cargoload_points,"Места разгрузки/погрузки на строит. площадке",1,468,cargoload_point,NULL,NULL,"2021-10-26 23:43:45",1,"2021-10-26 23:43:45",1
1121,467,bot_keyworks,"Ключевые виды работ (для оценки общего исполнения)",1,468,bot_keywork,NULL,NULL,"2021-10-26 23:43:45",1,"2021-10-26 23:43:45",1
1131,NULL,wrkreps,"Отчет о работе (с линии)",1,1131,wrkrep,NULL,NULL,"2021-10-26 23:43:45",1,"2021-10-26 23:43:45",1
1132,1131,wrkrep_machines,"Отчет о работе спецтехники",1,1132,wrkrep_machine,NULL,wrkreps,"2021-10-26 23:43:45",1,"2021-10-26 23:43:45",1
1151,NULL,roletypes,"Типы ролей (пользлователей)",1,1151,roletype,NULL,NULL,"2021-10-26 23:43:45",1,"2021-10-26 23:43:45",1
1152,NULL,sysobj_roletypes,"Типы ролей, допустимые для сист. объекта",1,1152,sysobj_roletype,NULL,roletype,"2021-10-26 23:43:45",1,"2021-10-26 23:43:45",1
1201,NULL,stfordtypes,"Типы приказов по персоналу",1,1201,stfordtype,NULL,NULL,"2021-10-26 23:43:45",1,"2021-10-26 23:43:45",1
1202,NULL,stforders,"приказы по персоналу",1,121,stforder,NULL,orgstaff,"2021-10-26 23:43:45",1,"2021-10-26 23:43:45",1
1205,NULL,staff_posts,"должности сотрудника (история)",1,999999,staff_post,NULL,orgstaff,"2021-10-26 23:43:45",1,"2021-10-26 23:43:45",1
1501,NULL,acs,"Категории информации (для доступа)",1,1,ac,NULL,NULL,"2021-10-26 23:43:45",1,"2021-10-26 23:43:45",1
1502,1501,user_acs,"Категории информации, доступные пользователю",1,2,user_ac,NULL,NULL,"2021-10-26 23:43:45",1,"2021-10-26 23:43:45",1
1601,NULL,obj_staffs,"Сотрудники, связанные с инф. объектом",1,1601,obj_staff,NULL,NULL,"2021-10-26 23:43:45",1,"2021-10-26 23:43:45",1
1611,NULL,obj_orgs,"Организации, связанные с инф. объектом",1,1611,obj_org,NULL,NULL,"2021-10-26 23:43:45",1,"2021-10-26 23:43:45",1
1621,NULL,orgnametypes,"Типы названий организаций",1,1621,orgnametype,NULL,NULL,"2021-10-26 23:43:45",1,"2021-10-26 23:43:45",1
1622,NULL,org_names,"Названия организаций",1,1622,org_name,NULL,orgs,"2021-10-26 23:43:45",1,"2021-10-26 23:43:45",1
1701,NULL,documents,"Архив документов",1,1701,document,NULL,NULL,"2021-10-26 23:43:45",1,"2021-10-26 23:43:45",1
1711,NULL,org_caselists,"Номенклатура дел (организации)",1,1711,org_caselist,NULL,NULL,"2021-10-26 23:43:45",1,"2021-10-26 23:43:45",1
1712,NULL,ocl_items,"Состав номенлатуры дел (организации)",1,1711,ocl_item,NULL,org_caselists,"2021-10-26 23:43:45",1,"2021-10-26 23:43:45",1
1721,NULL,collectors,Коллекционеры,1,1721,collector,NULL,documents,"2021-10-26 23:43:45",1,"2021-10-26 23:43:45",1
1722,NULL,dt_collectors,"Коллекционеры для типов документов",1,1721,dt_collector,NULL,documents,"2021-10-26 23:43:45",1,"2021-10-26 23:43:45",1
1801,NULL,informers,Информеры,1,1801,informer,NULL,buildobjs,"2021-10-26 23:43:45",1,"2021-10-26 23:43:45",1
