id,parid,code,name,active,ordr,created_at,created_by,updated_at,updated_by
1,NULL,private_room,"Личный кабинет клиента",1,100,"2020-08-25 01:20:53",1,"2020-08-25 01:20:53",1
2,NULL,SysObjs,"системные объекты (sysObjs)",0,999999,"2020-08-25 01:20:53",1,"2020-08-25 01:20:53",1
3,NULL,Users,"Справочник пользователей (Users)",1,999999,"2020-08-25 01:20:53",1,"2020-08-25 01:20:53",1
4,2,SysFuncs,"системные функции/права (sysFuncs)",1,999999,"2020-08-25 01:20:53",1,"2020-08-25 01:20:53",1
5,2,SysRoles,"типы системных ролей пользователей (sysRoles)",0,999999,"2020-08-25 01:20:53",1,"2020-08-25 01:20:53",1
6,6,sysRoleFuncs,"состав прав системных ролей (sysRoleFuncs)",0,999999,"2020-08-25 01:20:53",1,"2020-08-25 01:20:53",1
7,NULL,usrSysRoles,"роли пользователей (usrSysRoles)",0,999999,"2020-08-25 01:20:53",1,"2020-08-25 01:20:53",1
8,NULL,usrSysRights,"права пользователей (usrSysRights)",1,999999,"2020-08-25 01:20:53",1,"2020-08-25 01:20:53",1
9,NULL,FlagTypes,"Типы флагов (FlagTypes)",1,999999,"2020-08-25 01:20:53",1,"2020-08-25 01:20:53",1
10,NULL,objFlags,"состояние/флаги объектов (objFlags)",1,999999,"2020-08-25 01:20:53",1,"2020-08-25 01:20:53",1
11,NULL,ObjFiles,"файлы, связанные с объектами",0,999999,"2020-08-25 01:20:53",1,"2020-08-25 01:20:53",1
12,NULL,SysActions,"Действия, обработки",1,999999,"2020-08-25 01:20:53",1,"2020-08-25 01:20:53",1
13,NULL,PrefTypes,"Типы преференций (PrefTypes)",1,999999,"2020-08-25 01:20:53",1,"2020-08-25 01:20:53",1
14,NULL,ObjPrefs,"Префернеции пользователей/клиентов/... (ObjPrefs)",1,999999,"2020-08-25 01:20:53",1,"2020-08-25 01:20:53",1
15,NULL,Pages,Страницы,1,999999,"2020-08-25 01:20:53",1,"2020-08-25 01:20:53",1
21,NULL,ImportFiles,"Файлы с внешними данными",1,999999,"2020-08-25 01:20:53",1,"2020-08-25 01:20:53",1
31,NULL,ExtSystems,"Внешние системы",1,999999,"2020-08-25 01:20:53",1,"2020-08-25 01:20:53",1
32,NULL,ObjExtIds,"Идентификаторы объектов во внешних системах",1,999999,"2020-08-25 01:20:53",1,"2020-08-25 01:20:53",1
33,NULL,extsys_sysobjs,"Получатели данных из внешних систем",1,999999,"2020-08-25 01:20:53",1,"2020-08-25 01:20:53",1
100,NULL,producttypes,"Виды номенклатуры (услуга, товар, ...)",0,999999,"2020-08-25 01:20:53",1,"2020-08-25 01:20:53",1
101,105,ItmTypes,"Справочник категорий товаров (ItmTypes)",1,999999,"2020-08-25 01:20:53",1,"2020-08-25 01:20:53",1
102,101,ItmSubTypes,"Справочник подкатегорий товаров (ItmSubTypes)",0,999999,"2020-08-25 01:20:53",1,"2020-08-25 01:20:53",1
103,105,SpecInfoTypes,"Справочник спец-характеристик товаров (SpecInfoTypes)",0,999999,"2020-08-25 01:20:53",1,"2020-08-25 01:20:53",1
104,105,Brands,"Товарные бренды",0,999999,"2020-08-25 01:20:53",1,"2020-08-25 01:20:53",1
105,NULL,RefItems,"Справочник товаров (RefItems)",1,999999,"2020-08-25 01:20:53",1,"2020-08-25 01:20:53",1
106,NULL,Catalog,"Каталог товаров",0,999999,"2020-08-25 01:20:53",1,"2020-08-25 01:20:53",1
107,NULL,SaleActions,"Акции по продаже товаров",0,999999,"2020-08-25 01:20:53",1,"2020-08-25 01:20:53",1
108,NULL,SA_Items,"Список товаров, участвующих в акции",0,999999,"2020-08-25 01:20:53",1,"2020-08-25 01:20:53",1
111,NULL,Orgs,"Справочник контрагентов (Orgs)",1,200,"2020-08-25 01:20:53",1,"2020-08-25 01:20:53",1
112,111,OrgDogs,"Договоры с контрагентами (OrgDogs)",1,210,"2020-08-25 01:20:53",1,"2020-08-25 01:20:53",1
113,NULL,OrgExtIDs,"Идентификаторы организации во внешних системах",1,999999,"2020-08-25 01:20:53",1,"2020-08-25 01:20:53",1
114,111,org_saldos,"Сальдо операций с контрагентом",0,999999,"2020-08-25 01:20:53",1,"2020-08-25 01:20:53",1
115,111,org_acnts,"расчетные счета организации",1,115,"2020-08-25 03:06:22",1,"2020-08-25 03:06:22",1
116,111,org_places,"Офисы (организации)",1,999999,"2020-08-25 01:20:53",1,"2020-08-25 01:20:53",1
121,111,OrgStaff,"Справочник сотрудников (Staff)",1,999999,"2020-08-25 01:20:53",1,"2020-08-25 01:20:53",1
122,111,org_curators,"Кураторы клиентов",1,999999,"2020-08-25 01:20:53",1,"2020-08-25 01:20:53",1
123,111,OrgItmDiscounts,"Скидки для клиента на товар (orgItmDiscounts)",1,999999,"2020-08-25 01:20:53",1,"2020-08-25 01:20:53",1
124,NULL,TaxSystems,"Системы налогообложения юр-лиц",1,999999,"2020-08-25 01:20:53",1,"2020-08-25 01:20:53",1
125,111,OrgTaxSys,"Система налогообложения организации (с историей)",1,999999,"2020-08-25 01:20:53",1,"2020-08-25 01:20:53",1
126,NULL,UserOrgs,"Представляемые пользователем организации",1,999999,"2020-08-25 01:20:53",1,"2020-08-25 01:20:53",1
127,111,org_MngrBonuses,"% вознаграждения менеджера за продажи клиенту",1,999999,"2020-08-25 01:20:53",1,"2020-08-25 01:20:53",1
131,NULL,Orders,"Заказ клиента (Orders)",1,999999,"2020-08-25 01:20:53",1,"2020-08-25 01:20:53",1
132,NULL,OrdItems,"состав заказа клиента (OrdItems)",1,999999,"2020-08-25 01:20:53",1,"2020-08-25 01:20:53",1
133,NULL,OrdStaff,"Работники по заказу (ordStaff)",1,999999,"2020-08-25 01:20:53",1,"2020-08-25 01:20:53",1
134,NULL,OrdScanLst,"Данные сверки состава заказа, полученные с ТСД",1,999999,"2020-08-25 01:20:53",1,"2020-08-25 01:20:53",1
135,NULL,OrdPays,"Платежи заказа",0,9999,"2020-08-25 01:20:53",1,"2020-08-25 01:20:53",1
139,NULL,Basket,"Корзина заказа",1,999999,"2020-08-25 01:20:53",1,"2020-08-25 01:20:53",1
141,105,ri_AltNames,"Альтернативные названия позиций прайслиста",1,999999,"2020-08-25 01:20:53",1,"2020-08-25 01:20:53",1
142,105,ri_SpecInfo,"Специфические характеристика позиций прайслиста",1,999999,"2020-08-25 01:20:53",1,"2020-08-25 01:20:53",1
143,105,ri_options,"Опции/варианты номенклатуры",0,9999,"2020-08-25 01:20:53",1,"2020-08-25 01:20:53",1
144,105,ri_units,"Допустимые ЕИ, и их соотношение",0,9999,"2020-08-25 01:20:53",1,"2020-08-25 01:20:53",1
151,NULL,contracts,"Договоры с контрагентами",1,991,"2020-08-25 01:20:53",1,"2020-08-25 01:20:53",1
152,151,contract_orgs,"Участники договора",1,992,"2020-08-25 01:20:53",1,"2020-08-25 01:20:53",1
153,151,contract_prices,"Цены контракта на номенклатуру ",1,993,"2020-08-25 01:20:53",1,"2020-08-25 01:20:53",1
201,NULL,Stock,"Учет склада",1,999999,"2020-08-25 01:20:53",1,"2020-08-25 01:20:53",1
202,NULL,Wrhs,"Справочник складов (wrhs)",1,999999,"2020-08-25 01:20:53",1,"2020-08-25 01:20:53",1
203,NULL,WrhDocTypes,"Типы документов складского учета (wrhDocTypes",0,999999,"2020-08-25 01:20:53",1,"2020-08-25 01:20:53",1
204,NULL,WrhDocs,"Документы складского учета (wrhDocs)",1,999999,"2020-08-25 01:20:53",1,"2020-08-25 01:20:53",1
205,NULL,WrhDocLst,"состав документов складского учета",1,999999,"2020-08-25 01:20:53",1,"2020-08-25 01:20:53",1
206,NULL,Wrh_Stocks,"Текущий товарный запас складов",0,999999,"2020-08-25 01:20:53",1,"2020-08-25 01:20:53",1
208,NULL,org_wrhs,"Склады, обслуживающие клиента",1,999999,"2020-08-25 01:20:53",1,"2020-08-25 01:20:53",1
209,NULL,wrhdocnums,"Форматы и текущие значения номеров документов по владельцам",1,999999,"2020-08-25 01:20:53",1,"2020-08-25 01:20:53",1
221,NULL,Delivery,"Модуль Доставка",1,999999,"2020-08-25 01:20:53",1,"2020-08-25 01:20:53",1
301,NULL,UnitTypes,"Справочник Единиц измерения товаров",1,999999,"2020-08-25 01:20:53",1,"2020-08-25 01:20:53",1
400,NULL,FiscalSys,"Фискальная подсистема",0,999999,"2020-08-25 01:20:53",1,"2020-08-25 01:20:53",1
402,NULL,PayForms,"Справочник форм оплаты",1,999999,"2020-08-25 01:20:53",1,"2020-08-25 01:20:53",1
404,NULL,VATRates,"Справочник ставок НДС",1,999999,"2020-08-25 01:20:53",1,"2020-08-25 01:20:53",1
406,NULL,FiscalDocTypes,"Справочник типов фискальных документов",1,999999,"2020-08-25 01:20:53",1,"2020-08-25 01:20:53",1
408,NULL,KKT_Types,"Типы кассовых аппаратов",1,999999,"2020-08-25 01:20:53",1,"2020-08-25 01:20:53",1
422,NULL,FR_Servers,"Серверы обслуживания ККТ",1,999999,"2020-08-25 01:20:53",1,"2020-08-25 01:20:53",1
424,NULL,Cash_Boxes,"Кассовые рабочие места",0,999999,"2020-08-25 01:20:53",1,"2020-08-25 01:20:53",1
426,NULL,KKTs,"Кассовые аппараты",0,999999,"2020-08-25 01:20:53",1,"2020-08-25 01:20:53",1
428,NULL,CB_KKTs,"Связь ККТ с кассовыми местами",1,999999,"2020-08-25 01:20:53",1,"2020-08-25 01:20:53",1
430,NULL,KKT_Sessions,"Кассовые смены ККТ",0,999999,"2020-08-25 01:20:53",1,"2020-08-25 01:20:53",1
442,NULL,FiscalDocs,"Список фискальных документов (чеков)",1,999999,"2020-08-25 01:20:53",1,"2020-08-25 01:20:53",1
444,NULL,fsd_Items,"позиции чека",1,999999,"2020-08-25 01:20:53",1,"2020-08-25 01:20:53",1
446,NULL,fsd_PaySums,"оплата чека",1,999999,"2020-08-25 01:20:53",1,"2020-08-25 01:20:53",1
461,NULL,projects,Проекты,1,333,"2020-08-25 01:20:53",1,"2020-08-25 01:20:53",1
462,NULL,projbudgetitems,"Бюджетные статьи проекта",1,9998,"2020-08-25 01:20:53",1,"2020-08-25 01:20:53",1
463,NULL,pbi_opers,"Операции по статьям бюджета",1,9999,"2020-08-25 01:20:53",1,"2020-08-25 01:20:53",1
465,NULL,estdocs,Сметы,1,9999,"2020-08-25 01:20:53",1,"2020-08-25 01:20:53",1
466,NULL,buildobjs,"Объекты строительных работ",1,888,"2020-08-25 01:20:53",1,"2020-08-25 01:20:53",1
467,466,buildopertypes,"Виды работ объекта",1,999999,"2020-08-25 01:20:53",1,"2020-08-25 01:20:53",1
468,465,estdoc_items,"Состав сметы",1,9999,"2020-08-25 01:20:53",1,"2020-08-25 01:20:53",1
469,468,estdocitm_resources,"Ресурсы позиции сметы",1,9999,"2020-08-25 01:20:53",1,"2020-08-25 01:20:53",1
471,NULL,wrktyperefbooks,"Справочники видов работ",1,999,"2020-08-25 01:20:53",1,"2020-08-25 01:20:53",1
472,NULL,wtrb_items,"позиции справочника видов работ",1,999,"2020-08-25 01:20:53",1,"2020-08-25 01:20:53",1
481,NULL,mchntypes,"Типы спец-техники",1,9999,"2020-08-25 01:20:53",1,"2020-08-25 01:20:53",1
482,NULL,machines,Спец-техника,1,99999,"2020-08-25 01:20:53",1,"2020-08-25 01:20:53",1
483,NULL,mchnrqsts,"Заявки на использование спец-техники",1,888,"2020-08-25 01:20:53",1,"2020-08-25 01:20:53",1
491,NULL,indicators,"Показатели деятельности",1,9999,"2020-08-25 01:20:53",1,"2020-08-25 01:20:53",1
492,NULL,indi_facts,"фактич. значения показателей",1,9999,"2020-08-25 01:20:53",1,"2020-08-25 01:20:53",1
501,NULL,mFinDocs,"Работа с финансовыми (учетными) документами",1,999999,"2020-08-25 01:20:53",1,"2020-08-25 01:20:53",1
502,NULL,FinDocTypes,"Справочник типов фин.документов",1,999999,"2020-08-25 01:20:53",1,"2020-08-25 01:20:53",1
503,NULL,FinDocNums,"Источник номеров для фин.документов",1,999999,"2020-08-25 01:20:53",1,"2020-08-25 01:20:53",1
504,NULL,FinDocs,"Финансовые (Учетные) документы",0,999999,"2020-08-25 01:20:53",1,"2020-08-25 01:20:53",1
505,NULL,FinDocItems,"Состав документов",1,999999,"2020-08-25 01:20:53",1,"2020-08-25 01:20:53",1
510,NULL,pd_srctypes,"Тип источника для платежа",1,999999,"2020-08-25 01:20:53",1,"2020-08-25 01:20:53",1
520,NULL,PayDocs,"Платежные документы",1,9999,"2020-08-25 01:20:53",1,"2020-08-25 01:20:53",1
600,NULL,Analitics,"Аналитические отчеты",1,999999,"2020-08-25 01:20:53",1,"2020-08-25 01:20:53",1
601,NULL,rep01,"Сводка плана продаж",1,999999,"2020-08-25 01:20:53",1,"2020-08-25 01:20:53",1
602,NULL,rep02,"Анализ продаж",1,999999,"2020-08-25 01:20:53",1,"2020-08-25 01:20:53",1
603,NULL,rep03,"Частота продажи товаров",1,999999,"2020-08-25 01:20:53",1,"2020-08-25 01:20:53",1
604,NULL,rep04,"список товаров с заданной частотностью продажи",1,999999,"2020-08-25 01:20:53",1,"2020-08-25 01:20:53",1
605,NULL,rep05,"Анализ товарных запасов",1,999999,"2020-08-25 01:20:53",1,"2020-08-25 01:20:53",1
701,NULL,SalePlans,"Планы продаж",0,999999,"2020-08-25 01:20:53",1,"2020-08-25 01:20:53",1
731,NULL,prodplans,"Планы производства работ",1,999,"2020-08-25 01:20:53",1,"2020-08-25 01:20:53",1
732,NULL,prodfacttypes,"Типы фактов для планов работ",1,1,"2020-08-25 01:20:53",1,"2020-08-25 01:20:53",1
733,NULL,prodplan_facts,"Фактические данные исполнения плана работ",1,3,"2020-08-25 01:20:53",1,"2020-08-25 01:20:53",1
734,NULL,prodplan_estimates,"Оценки выполнения плана",1,4,"2020-08-25 01:20:53",1,"2020-08-25 01:20:53",1
735,NULL,prodplan_depends,"зависимости планов продаж",1,5,"2020-08-25 01:20:53",1,"2020-08-25 01:20:53",1
736,731,prodplan_items,"Состав плана выполнения работ",1,2,"2020-08-25 01:20:53",1,"2020-08-25 01:20:53",1
801,NULL,ObjLogs,"Журналы значимых событий для объектов системы",1,999999,"2020-08-25 01:20:53",1,"2020-08-25 01:20:53",1
802,NULL,Jobs,"system jobs",1,999999,"2020-08-25 01:20:53",1,"2020-08-25 01:20:53",1
803,NULL,Failed_Jobs,"failed system jobs",1,999999,"2020-08-25 01:20:53",1,"2020-08-25 01:20:53",1
805,NULL,TranslitTypes,"Типы транслитерации",0,999999,"2020-08-25 01:20:53",1,"2020-08-25 01:20:53",1
806,805,Translits,"Правила для транслитерации",0,999999,"2020-08-25 01:20:53",1,"2020-08-25 01:20:53",1
810,NULL,ObjMsgs,"Сообщения, связанные с объектами системы",1,999999,"2020-08-25 01:20:53",1,"2020-08-25 01:20:53",1
811,810,ObjMsg_Rcpts,"Получатели сообщений",1,999999,"2020-08-25 01:20:53",1,"2020-08-25 01:20:53",1
821,NULL,GrpTypes,"Типы групп",1,999999,"2020-08-25 01:20:53",1,"2020-08-25 01:20:53",1
822,NULL,Groups,"Группы (объектов)",1,999999,"2020-08-25 01:20:53",1,"2020-08-25 01:20:53",1
823,NULL,GrpItems,"Состав групп (объектов)",1,999999,"2020-08-25 01:20:53",1,"2020-08-25 01:20:53",1
827,NULL,ImportGroups,"Группы для регулирования импорта данных",1,999999,"2020-08-25 01:20:53",1,"2020-08-25 01:20:53",1
831,NULL,makedocs,"Документы регистрации выполнения операций по заказам",0,9999,"2020-08-25 01:20:53",1,"2020-08-25 01:20:53",1
832,NULL,makedocitems,"Состав документов исполнения операций",0,9999,"2020-08-25 01:20:53",1,"2020-08-25 01:20:53",1
843,NULL,ri_QtyMarkups,"Цена товара в зависимости от кол-ва продажи",0,9999,"2020-08-25 01:20:53",1,"2020-08-25 01:20:53",1
851,NULL,articles,Статьи,1,9999,"2020-08-25 01:20:53",1,"2020-08-25 01:20:53",1
852,468,estdocitm_works,"Работы позиции сметы",1,9999,"2020-08-25 01:20:53",1,"2020-08-25 01:20:53",1
853,465,estdoc_sections,"Разделы состава сметы",1,999,"2020-08-25 01:20:53",1,"2020-08-25 01:20:53",1
854,466,buildobj_staffs,"Ответственные сотрудники объекта/проекта",1,999,"2020-08-25 01:20:53",1,"2020-08-25 01:20:53",1
855,NULL,reports,"Отчеты, реестры",1,999,"2020-08-25 01:20:53",1,"2020-08-25 01:20:53",1
856,NULL,meetings,Совещания,1,3,"2020-08-25 01:20:53",1,"2020-08-25 01:20:53",1
857,856,meeting_staffs,"Совещание: Участники",1,4,"2020-08-25 01:20:53",1,"2020-08-25 01:20:53",1
858,856,meeting_items,"Совещание: Повестка",1,5,"2020-08-25 01:20:53",1,"2020-08-25 01:20:53",1
859,858,meeting_executors,"Совещание: Исполнители решений",1,6,"2020-08-25 01:20:53",1,"2020-08-25 01:20:53",1
860,461,proj_categories,"Категории проектов",1,999,"2020-08-25 01:20:53",1,"2020-08-25 01:20:53",1
861,461,proj_statuses,"Статусы проектов",1,998,"2020-08-25 01:20:53",1,"2020-08-25 01:20:53",1
862,NULL,qchecks,"Проверки стройконтроля - документ",1,990,"2020-08-25 01:20:53",1,"2020-08-25 01:20:53",1
863,862,qcheck_items,"Проверки стройконтроля - состав",1,991,"2020-08-25 01:20:53",1,"2020-08-25 01:20:53",1
866,NULL,milestone_statuses,"Статусы вех",1,999999,"2020-08-25 01:20:53",1,"2020-08-25 01:20:53",1
867,NULL,wrkplans,"Планы работ",1,1,"2020-08-25 01:20:53",1,"2020-08-25 01:20:53",1
868,867,wrkplan_msgs,"Сообщения к плану работ",1,2,"2020-08-25 01:20:53",1,"2020-08-25 01:20:53",1
869,868,wrkplanmsg_staffs,"Получатели сообщения плана работ",1,3,"2020-08-25 01:20:53",1,"2020-08-25 01:20:53",1
870,NULL,equiprqsts,"Заявки на материалы и оборудование",1,2,"2020-08-25 01:20:53",1,"2020-08-25 01:20:53",1
871,870,equiprqst_staffs,"Участники обработки заявки",1,3,"2020-08-25 01:20:53",1,"2020-08-25 01:20:53",1
872,870,equiprqst_items,"Состав заявки на материалы и оборудование",1,4,"2020-08-25 01:20:53",1,"2020-08-25 01:20:53",1
875,NULL,bdgtacnttypes,"Типы статей прихода/расхода бюджета",1,875,"2020-08-25 01:20:53",1,"2020-08-25 01:20:53",1
876,NULL,budgets,Бюджеты,1,876,"2020-08-25 01:20:53",1,"2020-08-25 01:20:53",1
877,876,budget_items,"Состав бюджета",1,878,"2020-08-25 01:20:53",1,"2020-08-25 01:20:53",1
878,876,budget_opers,"Операции с бюджетом (приход/расход)",1,879,"2020-08-25 01:20:53",1,"2020-08-25 01:20:53",1
879,876,budget_itmsums,"Плановые и фактические суммы бюджета",1,877,"2020-08-25 01:20:53",1,"2020-08-25 01:20:53",1
880,NULL,user_notices,"Уведомления для пользователей",1,1,"2020-08-25 01:20:53",1,"2020-08-25 01:20:53",1
881,NULL,budget_facts,"Фактические суммы бюджета",1,878,"2020-08-25 01:20:53",1,"2020-08-25 01:20:53",1
891,895,postCategories,"Категории для публикаций",1,891,"2020-08-25 01:20:53",1,"2020-08-25 01:20:53",1
892,895,postTags,"Тэги для публикаций",1,892,"2020-08-25 01:20:53",1,"2020-08-25 01:20:53",1
895,NULL,posts,"Публикации блога",1,890,"2020-08-25 01:20:53",1,"2020-08-25 01:20:53",1
896,895,post_readers,"Читатели публикации",1,893,"2020-08-25 01:20:53",1,"2020-08-25 01:20:53",1
897,895,post_marks,"Оценки публикации",0,999999,"2020-08-25 03:04:23",1,"2020-08-25 03:04:23",1
898,895,post_tags,"Теги публикации",0,999999,"2020-08-25 03:04:23",1,"2020-08-25 03:04:23",1
901,NULL,orgplnpays,"План платежей организации",1,901,"2020-08-25 03:28:09",1,"2020-08-25 03:28:09",1
902,901,orgplnpay_items,"Позиции плана платежей",1,902,"2020-08-25 03:28:09",1,"2020-08-25 03:28:09",1
