id,code,name,active,created_at,created_by,updated_at,updated_by
1,private_room,"Личный кабинет клиента",1,"2020-02-01 08:04:33",1,"2020-02-01 08:04:33",1
2,SysObjs,"системные объекты (sysObjs)",0,"2020-02-01 08:04:33",1,"2020-02-01 08:04:33",1
3,Users,"Справочник пользователей (Users)",1,"2020-02-01 08:04:33",1,"2020-02-01 08:04:33",1
4,SysFuncs,"системные функции/права (sysFuncs)",1,"2020-02-01 08:04:33",1,"2020-02-01 08:04:33",1
5,SysRoles,"типы системных ролей пользователей (sysRoles)",0,"2020-02-01 08:04:33",1,"2020-02-01 08:04:33",1
6,sysRoleFuncs,"состав прав системных ролей (sysRoleFuncs)",0,"2020-02-01 08:04:33",1,"2020-02-01 08:04:33",1
7,usrSysRoles,"роли пользователей (usrSysRoles)",0,"2020-02-01 08:04:33",1,"2020-02-01 08:04:33",1
8,usrSysRights,"права пользователей (usrSysRights)",1,"2020-02-01 08:04:33",1,"2020-02-01 08:04:33",1
9,FlagTypes,"Типы флагов (FlagTypes)",1,"2020-02-01 08:04:33",1,"2020-02-01 08:04:33",1
10,objFlags,"состояние/флаги объектов (objFlags)",1,"2020-02-01 08:04:33",1,"2020-02-01 08:04:33",1
11,ObjFiles,"файлы, связанные с объектами",0,"2020-02-01 08:04:33",1,"2020-02-01 08:04:33",1
12,SysActions,"Действия, обработки",1,"2020-02-01 08:04:33",1,"2020-02-01 08:04:33",1
13,PrefTypes,"Типы преференций (PrefTypes)",1,"2020-02-01 08:04:33",1,"2020-02-01 08:04:33",1
14,ObjPrefs,"Префернеции пользователей/клиентов/... (ObjPrefs)",1,"2020-02-01 08:04:33",1,"2020-02-01 08:04:33",1
15,Pages,Страницы,1,"2020-02-01 08:04:33",1,"2020-02-01 08:04:33",1
21,ImportFiles,"Файлы с внешними данными",1,"2020-02-01 08:04:33",1,"2020-02-01 08:04:33",1
31,ExtSystems,"Внешние системы",1,"2020-02-01 08:04:33",1,"2020-02-01 08:04:33",1
32,ObjExtIds,"Идентификаторы объектов во внешних системах",1,"2020-02-01 08:04:33",1,"2020-02-01 08:04:33",1
33,extsys_sysobjs,"Получатели данных из внешних систем",1,"2020-02-01 08:04:33",1,"2020-02-01 08:04:33",1
100,producttypes,"Виды номенклатуры (услуга, товар, ...)",1,"2020-02-01 08:04:33",1,"2020-02-01 08:04:33",1
101,ItmTypes,"Справочник категорий товаров (ItmTypes)",1,"2020-02-01 08:04:33",1,"2020-02-01 08:04:33",1
102,ItmSubTypes,"Справочник подкатегорий товаров (ItmSubTypes)",1,"2020-02-01 08:04:33",1,"2020-02-01 08:04:33",1
103,SpecInfoTypes,"Справочник спец-характеристик товаров (SpecInfoTypes)",1,"2020-02-01 08:04:33",1,"2020-02-01 08:04:33",1
104,Brands,"Товарные бренды",1,"2020-02-01 08:04:33",1,"2020-02-01 08:04:33",1
105,RefItems,"Справочник товаров (RefItems)",1,"2020-02-01 08:04:33",1,"2020-02-01 08:04:33",1
106,Catalog,"Каталог товаров",1,"2020-02-01 08:04:33",1,"2020-02-01 08:04:33",1
107,SaleActions,"Акции по продаже товаров",1,"2020-02-01 08:04:33",1,"2020-02-01 08:04:33",1
108,SA_Items,"Список товаров, участвующих в акции",1,"2020-02-01 08:04:33",1,"2020-02-01 08:04:33",1
111,Orgs,"Справочник контрагентов (Orgs)",1,"2020-02-01 08:04:33",1,"2020-02-01 08:04:33",1
112,OrgDogs,"Договоры с контрагентами (OrgDogs)",1,"2020-02-01 08:04:33",1,"2020-02-01 08:04:33",1
116,Places,"Офисы (организации)",1,"2020-02-01 08:04:33",1,"2020-02-01 08:04:33",1
122,org_curators,"Кураторы клиентов",0,"2020-02-01 08:04:33",1,"2020-02-01 08:04:33",1
123,OrgItmDiscounts,"Скидки для клиента на товар (orgItmDiscounts)",0,"2020-02-01 08:04:33",1,"2020-02-01 08:04:33",1
124,TaxSystems,"Системы налогообложения юр-лиц",0,"2020-02-01 08:04:33",1,"2020-02-01 08:04:33",1
125,OrgTaxSys,"Система налогообложения организации (с историей)",0,"2020-02-01 08:04:33",1,"2020-02-01 08:04:33",1
126,UserOrgs,"Представляемые пользователем организации",1,"2020-02-01 08:04:33",1,"2020-02-01 08:04:33",1
127,org_MngrBonuses,"% вознаграждения менеджера за продажи клиенту",0,"2020-02-01 08:04:33",1,"2020-02-01 08:04:33",1
131,Orders,"Заказ клиента (Orders)",1,"2020-02-01 08:04:33",1,"2020-02-01 08:04:33",1
132,OrdItems,"состав заказа клиента (OrdItems)",1,"2020-02-01 08:04:33",1,"2020-02-01 08:04:33",1
133,OrdStaff,"Работники по заказу (ordStaff)",0,"2020-02-01 08:04:33",1,"2020-02-01 08:04:33",1
134,OrdScanLst,"Данные сверки состава заказа, полученные с ТСД",0,"2020-02-01 08:04:33",1,"2020-02-01 08:04:33",1
135,OrdPays,"Платежи заказа",1,"2020-02-01 08:04:33",1,"2020-02-01 08:04:33",1
139,Basket,"Корзина заказа",0,"2020-02-01 08:04:33",1,"2020-02-01 08:04:33",1
141,ri_AltNames,"Альтернативные названия позиций прайслиста",0,"2020-02-01 08:04:33",1,"2020-02-01 08:04:33",1
142,ri_SpecInfo,"Специфические характеристика позиций прайслиста",0,"2020-02-01 08:04:33",1,"2020-02-01 08:04:33",1
143,ri_options,"Опции/варианты номенклатуры",1,"2020-02-01 08:04:33",1,"2020-02-01 08:04:33",1
144,ri_units,"Допустимые ЕИ, и их соотношение",1,"2020-02-01 08:04:33",1,"2020-02-01 08:04:33",1
201,Stock,"Учет склада",1,"2020-02-02 10:37:01",1,"2020-02-02 10:37:01",1
202,Wrhs,"Справочник складов (wrhs)",0,"2020-02-02 10:37:01",1,"2020-02-02 10:37:01",1
203,WrhDocTypes,"Типы документов складского учета (wrhDocTypes",0,"2020-02-02 10:37:01",1,"2020-02-02 10:37:01",1
204,WrhDocs,"Документы складского учета (wrhDocs)",1,"2020-02-02 10:37:01",1,"2020-02-02 10:37:01",1
205,WrhDocLst,"состав документов складского учета",1,"2020-02-02 10:37:01",1,"2020-02-02 10:37:01",1
206,Wrh_Stocks,"Текущий товарный запас складов",0,"2020-02-02 10:37:01",1,"2020-02-02 10:37:01",1
208,org_wrhs,"Склады, обслуживающие клиента",1,"2020-02-02 10:37:01",1,"2020-02-02 10:37:01",1
209,wrhdocnums,"Форматы и текущие значения номеров документов по владельцам",1,"2020-02-02 10:37:01",1,"2020-02-02 10:37:01",1
221,Delivery,"Модуль Доставка",0,"2020-02-01 08:04:33",1,"2020-02-01 08:04:33",1
301,UnitTypes,"Справочник Единиц измерения товаров",0,"2020-02-01 08:04:33",1,"2020-02-01 08:04:33",1
400,FiscalSys,"Фискальная подсистема",0,"2020-02-01 08:04:33",1,"2020-02-01 08:04:33",1
402,PayForms,"Справочник форм оплаты",0,"2020-02-01 08:04:33",1,"2020-02-01 08:04:33",1
404,VATRates,"Справочник ставок НДС",0,"2020-02-01 08:04:33",1,"2020-02-01 08:04:33",1
406,FiscalDocTypes,"Справочник типов фискальных документов",0,"2020-02-01 08:04:33",1,"2020-02-01 08:04:33",1
408,KKT_Types,"Типы кассовых аппаратов",0,"2020-02-01 08:04:33",1,"2020-02-01 08:04:33",1
422,FR_Servers,"Серверы обслуживания ККТ",0,"2020-02-01 08:04:33",1,"2020-02-01 08:04:33",1
424,Cash_Boxes,"Кассовые рабочие места",0,"2020-02-01 08:04:33",1,"2020-02-01 08:04:33",1
426,KKTs,"Кассовые аппараты",0,"2020-02-01 08:04:33",1,"2020-02-01 08:04:33",1
428,CB_KKTs,"Связь ККТ с кассовыми местами",0,"2020-02-01 08:04:33",1,"2020-02-01 08:04:33",1
430,KKT_Sessions,"Кассовые смены ККТ",0,"2020-02-01 08:04:33",1,"2020-02-01 08:04:33",1
442,FiscalDocs,"Список фискальных документов (чеков)",0,"2020-02-01 08:04:33",1,"2020-02-01 08:04:33",1
444,fsd_Items,"позиции чека",0,"2020-02-01 08:04:33",1,"2020-02-01 08:04:33",1
446,fsd_PaySums,"оплата чека",0,"2020-02-01 08:04:33",1,"2020-02-01 08:04:33",1
501,mFinDocs,"Работа с финансовыми (учетными) документами",0,"2020-02-01 08:04:33",1,"2020-02-01 08:04:33",1
502,FinDocTypes,"Справочник типов фин.документов",0,"2020-02-01 08:04:33",1,"2020-02-01 08:04:33",1
503,FinDocNums,"Источник номеров для фин.документов",0,"2020-02-01 08:04:33",1,"2020-02-01 08:04:33",1
504,FinDocs,"Финансовые (Учетные) документы",0,"2020-02-01 08:04:33",1,"2020-02-01 08:04:33",1
505,FinDocItems,"Состав документов",0,"2020-02-01 08:04:33",1,"2020-02-01 08:04:33",1
520,PayDocs,"Платежные документы",1,"2020-02-01 08:04:33",1,"2020-02-01 08:04:33",1
600,Analitics,"Аналитические отчеты",1,"2020-02-01 08:04:33",1,"2020-02-01 08:04:33",1
601,rep01,"Сводка плана продаж",1,"2020-02-01 08:04:33",1,"2020-02-01 08:04:33",1
602,rep02,"Анализ продаж",1,"2020-02-01 08:04:33",1,"2020-02-01 08:04:33",1
603,rep03,"Частота продажи товаров",1,"2020-02-01 08:04:33",1,"2020-02-01 08:04:33",1
604,rep04,"список товаров с заданной частотностью продажи",1,"2020-02-01 08:04:33",1,"2020-02-01 08:04:33",1
605,rep05,"Анализ товарных запасов",1,"2020-02-01 08:04:33",1,"2020-02-01 08:04:33",1
701,SalePlans,"Планы продаж",1,"2020-02-01 08:04:33",1,"2020-02-01 08:04:33",1
801,ObjLogs,"Журналы значимых событий для объектов системы",1,"2020-02-01 08:04:33",1,"2020-02-01 08:04:33",1
802,Jobs,"system jobs",1,"2020-02-01 08:04:33",1,"2020-02-01 08:04:33",1
803,Failed_Jobs,"failed system jobs",1,"2020-02-01 08:04:33",1,"2020-02-01 08:04:33",1
805,TranslitTypes,"Типы транслитерации",0,"2020-02-01 08:04:33",1,"2020-02-01 08:04:33",1
806,Translits,"Правила для транслитерации",0,"2020-02-01 08:04:33",1,"2020-02-01 08:04:33",1
810,ObjMsgs,"Сообщения, связанные с объектами системы",1,"2020-02-01 08:04:33",1,"2020-02-01 08:04:33",1
811,ObjMsg_Rcpts,"Получатели сообщений",0,"2020-02-01 08:04:33",1,"2020-02-01 08:04:33",1
821,GrpTypes,"Типы групп",0,"2020-02-01 08:04:33",1,"2020-02-01 08:04:33",1
822,Groups,"Группы (объектов)",0,"2020-02-01 08:04:33",1,"2020-02-01 08:04:33",1
823,GrpItems,"Состав групп (объектов)",0,"2020-02-01 08:04:33",1,"2020-02-01 08:04:33",1
831,makedocs,"Документы регистрации выполнения операций по заказам",1,"2020-02-04 09:16:28",1,"2020-02-04 09:16:28",1
832,makedocitems,"Состав документов исполнения операций",1,"2020-02-04 09:16:28",1,"2020-02-04 09:16:28",1
